id,name,name_urdu,city,province,type,established_year,website,image_url,ranking,fee_range_max,has_hec_scholarship,has_usaid_scholarship,financial_aid_office,scholarship_details,programs,scholarship_programs
uni_1,Abasyn University,Abasyn University,Peshawar,Khyber Pakhtunkhwa,Private,2007,http://www.abasyn.edu.pk,https://www.hec.gov.pk/Style%20Library/HEC/images/Placeholder-Image-Content.png,,350000,True,False,"Peshawar Campus, Ring Road (Charsadda Link), Peshawar. +92-91-258 2934, +92-91- 2248675, +92-91-2247264",Covers up to 100% tuition fees and provides monthly stipend for eligible low-income students at Abasyn University.,"Computer Science,Software Engineering,Business Administration,Electrical Engineering,Mechanical Engineering","HEC Need-Based Scholarship,University Financial Aid"
uni_2,Abbottabad University of Science and Technology (AUST),Abbottabad University of Science and Technology (AUST),Abbottabad,Khyber Pakhtunkhwa,Public,2015,http://aust.edu.pk,https://www.hec.gov.pk/english/universities/PublishingImages/AUST.jpeg,,57000,True,True,"Captain Akaash Rabbani Shaheed Road, Tehsil Havelian, District Abbottabad, Khyber Pakhtunkhwa  +92 (992) 402 117",Covers up to 100% tuition fees and provides monthly stipend for eligible low-income students at Abbottabad University of Science and Technology (AUST).,"Computer Science,Electrical Engineering,Software Engineering,Robotics,Civil Engineering,Mechatronics,Mechanical Engineering,Business Administration","HEC Need-Based Scholarship,USAID Merit and Needs-Based Scholarship,University Financial Aid"
uni_3,Abdul Wali Khan University,Abdul Wali Khan University,Mardan,Khyber Pakhtunkhwa,Public,2009,http://www.awkum.edu.pk,https://www.hec.gov.pk/Style%20Library/HEC/images/Placeholder-Image-Content.png,,69000,True,True,"Garden Campus Toru Road, Mardan. +92-937-843356, +92-937-840499",Covers up to 100% tuition fees and provides monthly stipend for eligible low-income students at Abdul Wali Khan University.,"Computer Science,Software Engineering,Business Administration,Electrical Engineering,Mechanical Engineering,Civil Engineering,Data Science","HEC Need-Based Scholarship,USAID Merit and Needs-Based Scholarship,University Financial Aid"
uni_4,Aga Khan University,Aga Khan University,Karachi,Sindh,Private,1983,http://www.aku.edu/,https://www.hec.gov.pk/Style%20Library/HEC/images/Placeholder-Image-Content.png,9,1200000,True,False,"Stadium Road, Karachi 74800 +92-21-34863902, +92-21-34863900, +92-21-34863901, +92-21-34930051, +92-21-34932094",Covers up to 100% tuition fees and provides monthly stipend for eligible low-income students at Aga Khan University.,"Computer Science,Software Engineering,Business Administration,Electrical Engineering,Mechanical Engineering,Civil Engineering,Data Science,Artificial Intelligence","HEC Need-Based Scholarship,University Financial Aid"
uni_5,"Air University, Islamabad","Air University, Islamabad",Islamabad,Islamabad Capital Territory,Public,2002,http://www.au.edu.pk/,https://www.hec.gov.pk/english/universities/PublishingImages/Islamabad/air%20university.jpg,15,340000,True,True,"Main Campus, Sector E-9, Islamabad.  +92-51-9262557-9","Covers up to 100% tuition fees and provides monthly stipend for eligible low-income students at Air University, Islamabad.","Computer Science,Software Engineering,Business Administration,Electrical Engineering,Mechanical Engineering,Civil Engineering,Data Science,Artificial Intelligence,Medicine","HEC Need-Based Scholarship,USAID Merit and Needs-Based Scholarship,University Financial Aid"
uni_6,"Air War College Institute, Karachi","Air War College Institute, Karachi",Karachi,Sindh,Public,2021,https://awci.edu.pk/,https://www.hec.gov.pk/english/universities/PublishingImages/Sindh/Air%20War%20College%20Institute.jpg,,340000,True,True,Civil Number +92-21-99541500 Exchange : +92-21-99547569 Fax : +92-21-99240375 Email : support@awci.edu.pk,"Covers up to 100% tuition fees and provides monthly stipend for eligible low-income students at Air War College Institute, Karachi.","Computer Science,Software Engineering,Business Administration,Electrical Engineering,Mechanical Engineering,Civil Engineering,Data Science,Artificial Intelligence,Medicine,Pharmacy","HEC Need-Based Scholarship,USAID Merit and Needs-Based Scholarship,University Financial Aid"
uni_7,"Al-Ghazali University, Karachi","Al-Ghazali University, Karachi",Karachi,Sindh,Private,2022,http://www.alghazaliuniversity.edu.pk/,https://www.hec.gov.pk/english/universities/PublishingImages/Placeholder-Image-Content.png,,350000,True,False,"Plot # AS V/6, Sector V, Shahrah-e-Mullah Jewan, Ahsanabad Cooperative Housing Society, Karachi Tel # 0092-21-36881900 Email: info@alghazaliuniversity.edu.pk","Covers up to 100% tuition fees and provides monthly stipend for eligible low-income students at Al-Ghazali University, Karachi.","Computer Science,Software Engineering,Business Administration,Electrical Engineering,Mechanical Engineering","HEC Need-Based Scholarship,University Financial Aid"
uni_8,Al-Hamd Islamic University,Al-Hamd Islamic University,Quetta,Balochistan,Private,2005,http://www.aiu.edu.pk,https://www.hec.gov.pk/Style%20Library/HEC/images/Placeholder-Image-Content.png,,350000,True,False,"Airport Road Quetta, Baleli Road, Quetta, Pakistan +92-81-2301771-6, 4, 3,2",Covers up to 100% tuition fees and provides monthly stipend for eligible low-income students at Al-Hamd Islamic University.,"Computer Science,Software Engineering,Business Administration,Electrical Engineering,Mechanical Engineering,Civil Engineering","HEC Need-Based Scholarship,University Financial Aid"
uni_9,Ali Institute of Education,Ali Institute of Education,Lahore,Punjab,Private,2010,http://www.aie.edu.pk/,https://www.hec.gov.pk/Style%20Library/HEC/images/Placeholder-Image-Content.png,,350000,True,False,"Shahrah-e-Roomi (Ferozpur Road), Lahore 54000. +92-42-35885065, +92-42-35882913, +92-42-35837080",Covers up to 100% tuition fees and provides monthly stipend for eligible low-income students at Ali Institute of Education.,"Computer Science,Software Engineering,Business Administration,Electrical Engineering,Mechanical Engineering,Civil Engineering,Data Science","HEC Need-Based Scholarship,University Financial Aid"
uni_10,"Al-Karam International Institute, Bhera","Al-Karam International Institute, Bhera",Bhera,Punjab,Private,2021,https://akii.edu.pk/,"https://www.hec.gov.pk/english/universities/PublishingImages/Al%20Karam%20Institute,%20Bhera.png",,350000,False,False,"Bhera Distt Sargodha Punjab Pakistan Tel # +92 302-3723246, +92 331-5353320,  Email: info@akii.edu.pk","Covers up to 100% tuition fees and provides monthly stipend for eligible low-income students at Al-Karam International Institute, Bhera.","Computer Science,Software Engineering,Business Administration,Electrical Engineering,Mechanical Engineering,Civil Engineering,Data Science,Artificial Intelligence",University Financial Aid
uni_11,"Al-Kawthar University, Karachi","Al-Kawthar University, Karachi",Karachi,Sindh,Private,2023,https://www.alkawthar.pk/,https://www.hec.gov.pk/english/universities/PublishingImages/Al-Kawthar%20University.png,,350000,True,False,"Street # 9, Block 7, Main University Road, Opposite Safari Park, Gulshan-e-Iqbal, Karachi East. Pakistan Tel # +92-312-6311110 Email: info@alkawthar.pk","Covers up to 100% tuition fees and provides monthly stipend for eligible low-income students at Al-Kawthar University, Karachi.","Computer Science,Software Engineering,Business Administration,Electrical Engineering,Mechanical Engineering,Civil Engineering,Data Science,Artificial Intelligence,Medicine","HEC Need-Based Scholarship,University Financial Aid"
uni_12,Al-Khair University,Al-Khair University,Bhimber,Azad Jammu & Kashmir,Private,1994,http://alkhair.edu.pk/new/,https://www.hec.gov.pk/Style%20Library/HEC/images/Placeholder-Image-Content.png,,340000,False,False,"University Road, Bhimber (AJK) +92-5828-454085, +92-355-6103355",Covers up to 100% tuition fees and provides monthly stipend for eligible low-income students at Al-Khair University.,"Computer Science,Software Engineering,Business Administration,Electrical Engineering,Mechanical Engineering,Civil Engineering,Data Science,Artificial Intelligence,Medicine,Pharmacy",University Financial Aid
uni_13,Allama Iqbal Open University,Allama Iqbal Open University,Islamabad,Islamabad Capital Territory,Public,1984,http://www.aiou.edu.pk,https://www.hec.gov.pk/english/universities/PublishingImages/Islamabad/AIOU-Allama%20Iqbal%20Open%20University.png,,45000,True,True,Address : Allama Iqbal Open University Sector H-8 Islamabad E-mail : support@aiou.edu.pk Call : +92-51-111-112-468,Covers up to 100% tuition fees and provides monthly stipend for eligible low-income students at Allama Iqbal Open University.,"Computer Science,Software Engineering,Business Administration,Electrical Engineering,Mechanical Engineering","HEC Need-Based Scholarship,USAID Merit and Needs-Based Scholarship,University Financial Aid"
uni_14,"Aror University of Art, Architecture, Design and Heritage, Sukkur","Aror University of Art, Architecture, Design and Heritage, Sukkur",Sukkur,Sindh,Public,2020,https://aroruniversitysindh.edu.pk/,https://www.hec.gov.pk/english/universities/PublishingImages/Aror%20University.png,,57000,True,True,"RCW Rohri Bypass, Sukkur, Sindh-Pakistan Tel # 0092-71-9311300 Email: info@aroruniversitysindh.edu.pk","Covers up to 100% tuition fees and provides monthly stipend for eligible low-income students at Aror University of Art, Architecture, Design and Heritage, Sukkur.","Computer Science,Software Engineering,Business Administration,Electrical Engineering,Mechanical Engineering,Civil Engineering","HEC Need-Based Scholarship,USAID Merit and Needs-Based Scholarship,University Financial Aid"
uni_15,"Baba Guru Nanak University, Nankana Sahib","Baba Guru Nanak University, Nankana Sahib",Nankana Sahib,Punjab,Public,2020,https://bgnu.edu.pk/,https://www.hec.gov.pk/english/universities/PublishingImages/Baba%20Guru%20Nanak%20University.png,,69000,True,True,"Adampura, Nankana Sahib, Punjab, Pakistan 39100 Tel # +92-56-3549566 Email: info@bgnu.edu.pk","Covers up to 100% tuition fees and provides monthly stipend for eligible low-income students at Baba Guru Nanak University, Nankana Sahib.","Computer Science,Software Engineering,Business Administration,Electrical Engineering,Mechanical Engineering,Civil Engineering,Data Science","HEC Need-Based Scholarship,USAID Merit and Needs-Based Scholarship,University Financial Aid"
uni_16,Bacha Khan University,Bacha Khan University,Charsada,Khyber Pakhtunkhwa,Public,2012,http://www.bkuc.edu.pk,https://www.hec.gov.pk/english/universities/PublishingImages/Placeholder-Image-Content.png,,81000,True,True,"Palosa, Charsadda. +92-91-6540062",Covers up to 100% tuition fees and provides monthly stipend for eligible low-income students at Bacha Khan University.,"Computer Science,Software Engineering,Business Administration,Electrical Engineering,Mechanical Engineering,Civil Engineering,Data Science,Artificial Intelligence","HEC Need-Based Scholarship,USAID Merit and Needs-Based Scholarship,University Financial Aid"
uni_17,"Bahauddin Zakariya University (BZU), Multan","Bahauddin Zakariya University (BZU), Multan",Multan,Punjab,Public,1975,http://www.bzu.edu.pk/,https://www.hec.gov.pk/Style%20Library/HEC/images/Placeholder-Image-Content.png,,93000,True,True,"Bosan Road, Multan +92-61-9210069","Covers up to 100% tuition fees and provides monthly stipend for eligible low-income students at Bahauddin Zakariya University (BZU), Multan.","Computer Science,Software Engineering,Business Administration,Electrical Engineering,Mechanical Engineering,Civil Engineering,Data Science,Artificial Intelligence,Medicine","HEC Need-Based Scholarship,USAID Merit and Needs-Based Scholarship,University Financial Aid"
uni_18,Bahria University,Bahria University,Islamabad,Islamabad Capital Territory,Public,2000,http://www.bahria.edu.pk/,https://www.hec.gov.pk/Style%20Library/HEC/images/Placeholder-Image-Content.png,11,340000,True,True,"Shangrilla Road, Sector E-8 Islamabad +92-51-111-111-028",Covers up to 100% tuition fees and provides monthly stipend for eligible low-income students at Bahria University.,"Computer Science,Software Engineering,Business Administration,Electrical Engineering,Mechanical Engineering,Civil Engineering,Data Science,Artificial Intelligence,Medicine,Pharmacy","HEC Need-Based Scholarship,USAID Merit and Needs-Based Scholarship,University Financial Aid"
uni_19,Balochistan University of Engineering & Technology,Balochistan University of Engineering & Technology,Khuzdar,Balochistan,Public,1994,http://www.buetk.edu.pk,https://www.hec.gov.pk/Style%20Library/HEC/images/Placeholder-Image-Content.png,,45000,True,True,"Balochistan University of Engg & Technology (BUET), Khuzdar. +92-848-412834, +92-848-5021000",Covers up to 100% tuition fees and provides monthly stipend for eligible low-income students at Balochistan University of Engineering & Technology.,"Computer Science,Electrical Engineering,Software Engineering,Robotics,Civil Engineering,Mechatronics,Mechanical Engineering,Business Administration","HEC Need-Based Scholarship,USAID Merit and Needs-Based Scholarship,University Financial Aid"
uni_20,"Balochistan University of Information Technology, Engineering & Management Sciences (BUITEMS)","Balochistan University of Information Technology, Engineering & Management Sciences (BUITEMS)",Quetta,Balochistan,Public,2002,http://www.buitms.edu.pk,https://www.hec.gov.pk/english/universities/PublishingImages/BUITEMS.jpg,,57000,True,True,"Airport Road, Baleli, Quetta +92-81-2881042081, +92-81-9202463, +92-81-9201051","Covers up to 100% tuition fees and provides monthly stipend for eligible low-income students at Balochistan University of Information Technology, Engineering & Management Sciences (BUITEMS).","Computer Science,Electrical Engineering,Software Engineering,Robotics,Civil Engineering,Mechatronics,Mechanical Engineering,Business Administration","HEC Need-Based Scholarship,USAID Merit and Needs-Based Scholarship,University Financial Aid"
uni_21,Baqai Medical University,Baqai Medical University,Karachi,Sindh,Private,1996,http://www.baqai.edu.pk/,https://www.hec.gov.pk/Style%20Library/HEC/images/Placeholder-Image-Content.png,,350000,True,False,"51, Deh Tor, Toll Plaza, Super Highway, Gadap Road, Karachi +92-21-34410-311, +92-21-34410-293-298, +92-21-34410427-28",Covers up to 100% tuition fees and provides monthly stipend for eligible low-income students at Baqai Medical University.,"MBBS,BDS,Pharmacy,Nursing,Biotechnology,Public Health","HEC Need-Based Scholarship,University Financial Aid"
uni_22,Beaconhouse National University,Beaconhouse National University,Lahore,Punjab,Private,2005,http://www.bnu.edu.pk/,https://www.hec.gov.pk/Style%20Library/HEC/images/Placeholder-Image-Content.png,,350000,True,False,"13 KM Raiwaind Road, Near Jati Umrah Road, Lahore 54400. +92-42-38100156",Covers up to 100% tuition fees and provides monthly stipend for eligible low-income students at Beaconhouse National University.,"Computer Science,Software Engineering,Business Administration,Electrical Engineering,Mechanical Engineering,Civil Engineering,Data Science,Artificial Intelligence","HEC Need-Based Scholarship,University Financial Aid"
uni_23,"Begum Nustrat Bhutto Women University, Sukkur","Begum Nustrat Bhutto Women University, Sukkur",Sukkur,Sindh,Public,2018,https://www.bnbwu.edu.pk/,https://www.hec.gov.pk/english/universities/PublishingImages/Begum%20Nusrat%20Bhutto%20University.jpg,,480000,True,True,"National Highway, Rohri Bypass, Sukkur Tel # +92-71-9311200 Fax # +92-71-9311201","Covers up to 100% tuition fees and provides monthly stipend for eligible low-income students at Begum Nustrat Bhutto Women University, Sukkur.","Computer Science,Software Engineering,Business Administration,Electrical Engineering,Mechanical Engineering,Civil Engineering,Data Science,Artificial Intelligence,Medicine","HEC Need-Based Scholarship,USAID Merit and Needs-Based Scholarship,University Financial Aid"
uni_24,Benazir Bhutto Shaheed University Lyari,Benazir Bhutto Shaheed University Lyari,Karachi,Sindh,Public,2010,http://www.bbsul.edu.pk/,https://www.hec.gov.pk/Style%20Library/HEC/images/Placeholder-Image-Content.png,,105000,True,True,"Fakir Muhammad Dura Khan Road, Near “Kashti Chowk” Lyari, Karachi, Postal Code: 75660. +92-21-32744020, +92-21-32744021, +92-21-32742581",Covers up to 100% tuition fees and provides monthly stipend for eligible low-income students at Benazir Bhutto Shaheed University Lyari.,"Computer Science,Software Engineering,Business Administration,Electrical Engineering,Mechanical Engineering,Civil Engineering,Data Science,Artificial Intelligence,Medicine,Pharmacy","HEC Need-Based Scholarship,USAID Merit and Needs-Based Scholarship,University Financial Aid"
uni_25,"Benazir Bhutto Shaheed University of Technology & Skill Development, Khairpur Mirs","Benazir Bhutto Shaheed University of Technology & Skill Development, Khairpur Mirs",Khairpur,Sindh,Public,2016,https://www.under%20process.pk/,https://www.hec.gov.pk/english/universities/PublishingImages/Placeholder-Image-Content.png,,340000,True,True,Station Road Near Mil Colony Khairpur MiRS Khairpur Khairpur Mirs,"Covers up to 100% tuition fees and provides monthly stipend for eligible low-income students at Benazir Bhutto Shaheed University of Technology & Skill Development, Khairpur Mirs.","Computer Science,Electrical Engineering,Software Engineering,Robotics,Civil Engineering,Mechatronics,Mechanical Engineering,Business Administration","HEC Need-Based Scholarship,USAID Merit and Needs-Based Scholarship,University Financial Aid"
uni_26,Brains Institute Peshawar,Brains Institute Peshawar,Peshawar,Khyber Pakhtunkhwa,Private,2016,http://brains.edu.pk,https://www.hec.gov.pk/english/universities/PublishingImages/Brains%20Institute%20Peshawar.png,,350000,True,False,"Phase III Chowk, Jamrud Road, Peshawar Tel: +92-91-5611637, 0336-5700036 Email: info@brains.edu.pk",Covers up to 100% tuition fees and provides monthly stipend for eligible low-income students at Brains Institute Peshawar.,"Computer Science,Software Engineering,Business Administration,Electrical Engineering,Mechanical Engineering,Civil Engineering","HEC Need-Based Scholarship,University Financial Aid"
uni_27,Capital University of Science & Technology,Capital University of Science & Technology,Islamabad,Islamabad Capital Territory,Private,2015,http://www.cust.edu.pk/,https://www.hec.gov.pk/Style%20Library/HEC/images/Placeholder-Image-Content.png,,350000,True,False,"Capital University of Science & Technology Islamabad Expressway,  Kahuta Road, Zone-V  Islamabad. +92-51-2512800-1, +92-51-4486700-4, +92-51-111-555-666",Covers up to 100% tuition fees and provides monthly stipend for eligible low-income students at Capital University of Science & Technology.,"Computer Science,Electrical Engineering,Software Engineering,Robotics,Civil Engineering,Data Science,Mechatronics,Mechanical Engineering,Business Administration","HEC Need-Based Scholarship,University Financial Aid"
uni_28,CECOS University of Information Technology & Emerging Sciences,CECOS University of Information Technology & Emerging Sciences,Peshawar,Khyber Pakhtunkhwa,Private,2001,http://www.cecos.edu.pk,https://www.hec.gov.pk/english/universities/PublishingImages/Placeholder-Image-Content.png,,350000,True,False,"CECOS University, Phase 6, Sector F-5, Hayatabad, Peshawar. +92-91-5864291",Covers up to 100% tuition fees and provides monthly stipend for eligible low-income students at CECOS University of Information Technology & Emerging Sciences.,"Computer Science,Electrical Engineering,Software Engineering,Robotics,Civil Engineering,Data Science,Mechatronics,Artificial Intelligence,Mechanical Engineering,Business Administration","HEC Need-Based Scholarship,University Financial Aid"
uni_29,"Cholistan University of Veterinary and Animal Sciences, Bahawalpur","Cholistan University of Veterinary and Animal Sciences, Bahawalpur",Bahawal Pur,Punjab,Public,2018,http://www.cuvas.edu.pk,https://www.hec.gov.pk/english/universities/PublishingImages/CUVAS%20Bahawalpur-1.jpg,,93000,True,True,"Cholistan University of Veterinary & Animal Sciences, Near DHA, Bahawalpur, Punjab-Pakistan Tel: +92-062- 9255716 Email: registrar@cuvas.edu.pk","Covers up to 100% tuition fees and provides monthly stipend for eligible low-income students at Cholistan University of Veterinary and Animal Sciences, Bahawalpur.","Agronomy,Veterinary Medicine,Food Science,Environmental Science,Biotechnology","HEC Need-Based Scholarship,USAID Merit and Needs-Based Scholarship,University Financial Aid"
uni_30,City University of Science and Information Technology,City University of Science and Information Technology,Peshawar,Khyber Pakhtunkhwa,Private,2001,http://www.cityuniversity.edu.pk,https://www.hec.gov.pk/Style%20Library/HEC/images/IMG_2855.jpg,,350000,True,False,"Dalazak Road, Peshawar. +92-91-2609501-8",Covers up to 100% tuition fees and provides monthly stipend for eligible low-income students at City University of Science and Information Technology.,"Pharmacy,Medicine,Computer Science,Electrical Engineering,Software Engineering,Robotics,Civil Engineering,Data Science,Mechatronics,Artificial Intelligence,Mechanical Engineering,Business Administration","HEC Need-Based Scholarship,University Financial Aid"
uni_31,Commecs Institute of Business & Emerging Sciences,Commecs Institute of Business & Emerging Sciences,Karachi,Sindh,Private,2010,http://www.commecsinstitute.edu.pk/,https://www.hec.gov.pk/Style%20Library/HEC/images/Placeholder-Image-Content.png,,350000,True,False,"Plot No. 40-B, Block-6, PECHS, Karachi. +92-21-34634104, +92-21-34320077 +92-21-34320074-76, +92-21-34615357-59",Covers up to 100% tuition fees and provides monthly stipend for eligible low-income students at Commecs Institute of Business & Emerging Sciences.,"Computer Science,Software Engineering,Business Administration,Electrical Engineering,Mechanical Engineering","HEC Need-Based Scholarship,University Financial Aid"
uni_32,"COMSATS University, Islamabad","COMSATS University, Islamabad",Islamabad,Islamabad Capital Territory,Public,2000,https://www.comsats.edu.pk/,https://www.hec.gov.pk/english/universities/PublishingImages/COMSATS%20University%20Islamabad.jpeg,6,340000,True,True,"Park Road, Tarlai Kalan, Islamabad 45550, Pakistan +92-51-9247000-9247002  +92-51-111-001-007","Covers up to 100% tuition fees and provides monthly stipend for eligible low-income students at COMSATS University, Islamabad.","Computer Science,Software Engineering,Business Administration,Electrical Engineering,Mechanical Engineering,Civil Engineering","HEC Need-Based Scholarship,USAID Merit and Needs-Based Scholarship,University Financial Aid"
uni_33,Dadabhoy Institute of Higher Education,Dadabhoy Institute of Higher Education,Karachi,Sindh,Private,2004,http://www.dadabhoy.edu.pk/,https://www.hec.gov.pk/english/universities/PublishingImages/Dadabhoy%20Karachi.png,,350000,True,False,"SNPA-17/B, Block 3, P.E.C.H.Society,Shaheed-e-Millat Road, Karachi. +92-21-34389108, +92-21-111-020-304.",Covers up to 100% tuition fees and provides monthly stipend for eligible low-income students at Dadabhoy Institute of Higher Education.,"Computer Science,Software Engineering,Business Administration,Electrical Engineering,Mechanical Engineering,Civil Engineering,Data Science","HEC Need-Based Scholarship,University Financial Aid"
uni_34,"Dar-ul-Madina International University, Islamabad","Dar-ul-Madina International University, Islamabad",Islamabad,Islamabad Capital Territory,Private,2013,https://www.dmiu.edu.pk,https://www.hec.gov.pk/english/universities/PublishingImages/Dar%20ul%20Madina%20International%20University.png,,350000,True,False,"G 11 Markaz, Shabbir Sharif Road,  Islamabad. UAN Number: (051) 111 252 692, (051) 8745786 Email: ps.vc@darulmadinah.net","Covers up to 100% tuition fees and provides monthly stipend for eligible low-income students at Dar-ul-Madina International University, Islamabad.","Computer Science,Software Engineering,Business Administration,Electrical Engineering,Mechanical Engineering,Civil Engineering,Data Science,Artificial Intelligence","HEC Need-Based Scholarship,University Financial Aid"
uni_35,Dawood University of Engineering & Technology,Dawood University of Engineering & Technology,Karachi,Sindh,Public,2007,http://www.duet.edu.pk/,https://www.hec.gov.pk/english/universities/PublishingImages/Dawood%20UET%20Karachi.png,,93000,True,True,"M.A. Jinnah Road, Karachi 74800. +92-21-99230701, +92-21-99231195 - 98",Covers up to 100% tuition fees and provides monthly stipend for eligible low-income students at Dawood University of Engineering & Technology.,"Medicine,Computer Science,Electrical Engineering,Software Engineering,Robotics,Civil Engineering,Data Science,Mechatronics,Artificial Intelligence,Mechanical Engineering,Business Administration","HEC Need-Based Scholarship,USAID Merit and Needs-Based Scholarship,University Financial Aid"
uni_36,DHA Suffa University,DHA Suffa University,Karachi,Sindh,Private,2002,http://www.dsu.edu.pk/,https://www.hec.gov.pk/Style%20Library/HEC/images/Placeholder-Image-Content.png,,350000,True,False,"DG-78, Off Khayaban-e-Tufail, Ph-VII (Ext),DHA, Karachi-75500. +92-21-35244875",Covers up to 100% tuition fees and provides monthly stipend for eligible low-income students at DHA Suffa University.,"Computer Science,Software Engineering,Business Administration,Electrical Engineering,Mechanical Engineering,Civil Engineering,Data Science,Artificial Intelligence,Medicine,Pharmacy","HEC Need-Based Scholarship,University Financial Aid"
uni_37,DOW University of Health Sciences,DOW University of Health Sciences,Karachi,Sindh,Public,2005,http://www.duhs.edu.pk/,https://www.hec.gov.pk/Style%20Library/HEC/images/Placeholder-Image-Content.png,,45000,True,True,"Baba-E-Urdu Road, Karachi 74200. +92-21-99215754-7 +92-21-32715441-466",Covers up to 100% tuition fees and provides monthly stipend for eligible low-income students at DOW University of Health Sciences.,"MBBS,BDS,Pharmacy,Nursing,Biotechnology,Public Health","HEC Need-Based Scholarship,USAID Merit and Needs-Based Scholarship,University Financial Aid"
uni_38,"Emaan Institute of Management & Sciences, Karachi","Emaan Institute of Management & Sciences, Karachi",Karachi,Sindh,Private,2018,http://www.emaan.edu.pk,https://www.hec.gov.pk/english/universities/PublishingImages/Emaan%20Institute%20Karachi.jfif,,350000,True,False,"Plot No.A-2, Sector 28, Suparco Road, Gulzar E Hijri Scheme 33, Karachi-Pakistan Tel # 0092-21-34999200-2 Emal: info@emaan.edu.pk; hr@emaan.edu.pk","Covers up to 100% tuition fees and provides monthly stipend for eligible low-income students at Emaan Institute of Management & Sciences, Karachi.","Computer Science,Software Engineering,Business Administration,Electrical Engineering,Mechanical Engineering,Civil Engineering","HEC Need-Based Scholarship,University Financial Aid"
uni_39,"Emerson University, Multan","Emerson University, Multan",Multan,Punjab,Public,2021,https://eum.edu.pk/,https://www.hec.gov.pk/english/universities/PublishingImages/Emerson%20University.jfif,,69000,True,True,"Bosan Road, Near Gol Bagh, Multan-Pakistan Tel # 0092 - 61 - 9210037 Email:  info@eum.edu.pk","Covers up to 100% tuition fees and provides monthly stipend for eligible low-income students at Emerson University, Multan.","Computer Science,Software Engineering,Business Administration,Electrical Engineering,Mechanical Engineering,Civil Engineering,Data Science","HEC Need-Based Scholarship,USAID Merit and Needs-Based Scholarship,University Financial Aid"
uni_40,"Faisalabad Medical University, Faisalabad","Faisalabad Medical University, Faisalabad",Faisalabad,Punjab,Public,2017,http://www.pmc.edu.pk/,https://www.hec.gov.pk/english/universities/PublishingImages/Placeholder-Image-Content.png,,81000,True,True,"Sargodha Road, Faisalabad-Punjab Pakistan Tel # +92 41 9210080 Email: vcfmuf@gmail.com","Covers up to 100% tuition fees and provides monthly stipend for eligible low-income students at Faisalabad Medical University, Faisalabad.","MBBS,BDS,Pharmacy,Nursing,Biotechnology,Public Health","HEC Need-Based Scholarship,USAID Merit and Needs-Based Scholarship,University Financial Aid"
uni_41,"Fatima Jinnah Medical University, Lahore","Fatima Jinnah Medical University, Lahore",Lahore,Punjab,Public,2015,http://www.fjmu.edu.pk/,https://www.hec.gov.pk/english/universities/PublishingImages/FJMU.jpeg,,93000,True,True,"Prof. Khalid Masud Gondal Vice Chancellor Shara-I-Fatima Jinnah ,Queens Road Lahore  Telephone# 99200572-8, 99203718 111-222-572","Covers up to 100% tuition fees and provides monthly stipend for eligible low-income students at Fatima Jinnah Medical University, Lahore.","MBBS,BDS,Pharmacy,Nursing,Biotechnology,Public Health","HEC Need-Based Scholarship,USAID Merit and Needs-Based Scholarship,University Financial Aid"
uni_42,Fatima Jinnah Women University,Fatima Jinnah Women University,Rawalpindi,Punjab,Public,1999,http://www.fjwu.edu.pk/,https://www.hec.gov.pk/Style%20Library/HEC/images/Placeholder-Image-Content.png,,105000,True,True,"The Mall, Old Presidency, Rawalpindi +92-51-9292901, +92-51-9292902, +92-51-9292 900",Covers up to 100% tuition fees and provides monthly stipend for eligible low-income students at Fatima Jinnah Women University.,"Computer Science,Software Engineering,Business Administration,Electrical Engineering,Mechanical Engineering,Civil Engineering,Data Science,Artificial Intelligence,Medicine,Pharmacy","HEC Need-Based Scholarship,USAID Merit and Needs-Based Scholarship,University Financial Aid"
uni_43,"Federal Urdu University of Arts, Sciences & Technology","Federal Urdu University of Arts, Sciences & Technology",Islamabad,Islamabad Capital Territory,Public,2002,http://www.fuuastisb.edu.pk/,https://www.hec.gov.pk/english/universities/PublishingImages/Urdu%20University.jpg,,45000,True,True,"Sector G-7/1, Near Zero Point,Islamabad. +92-51-9252860-64","Covers up to 100% tuition fees and provides monthly stipend for eligible low-income students at Federal Urdu University of Arts, Sciences & Technology.","Computer Science,Electrical Engineering,Software Engineering,Robotics,Civil Engineering,Mechatronics,Mechanical Engineering,Business Administration","HEC Need-Based Scholarship,USAID Merit and Needs-Based Scholarship,University Financial Aid"
uni_44,Forman Christian College,Forman Christian College,Lahore,Punjab,Private,2004,http://www.fccollege.edu.pk/,https://www.hec.gov.pk/Style%20Library/HEC/images/Placeholder-Image-Content.png,,350000,True,False,"Ferozpur Road, Lahore +92-42-99230782, +92-42-99231581-88",Covers up to 100% tuition fees and provides monthly stipend for eligible low-income students at Forman Christian College.,"Computer Science,Software Engineering,Business Administration,Electrical Engineering,Mechanical Engineering,Civil Engineering","HEC Need-Based Scholarship,University Financial Aid"
uni_45,Foundation University,Foundation University,Islamabad,Islamabad Capital Territory,Private,2002,http://www.fui.edu.pk/,https://www.hec.gov.pk/english/universities/PublishingImages/Foundation%20University.jpeg,,350000,True,False,"Defence Avenue, Phase-I, DHA,Islamabad +92-51-5788171, +92-51-5788250",Covers up to 100% tuition fees and provides monthly stipend for eligible low-income students at Foundation University.,"Computer Science,Software Engineering,Business Administration,Electrical Engineering,Mechanical Engineering,Civil Engineering,Data Science","HEC Need-Based Scholarship,University Financial Aid"
uni_46,Gambat Institute of Medical Sciences,Gambat Institute of Medical Sciences,Khairpur,Sindh,Public,2006,http://www.xyz.edu.pk,https://www.hec.gov.pk/Style%20Library/HEC/images/Placeholder-Image-Content.png,,81000,True,True,"Gambat Institute of Medical Sciences, Gambat Station Road, Pakistan. +92-243-640160",Covers up to 100% tuition fees and provides monthly stipend for eligible low-income students at Gambat Institute of Medical Sciences.,"MBBS,BDS,Pharmacy,Nursing,Biotechnology,Public Health","HEC Need-Based Scholarship,USAID Merit and Needs-Based Scholarship,University Financial Aid"
uni_47,Gandhara University,Gandhara University,Peshawar,Khyber Pakhtunkhwa,Private,2002,http://www.gandhara.edu.pk,https://www.hec.gov.pk/Style%20Library/HEC/images/Placeholder-Image-Content.png,,350000,True,False,"Canal Road University Town, Peshawar. +92-91-5844429-32",Covers up to 100% tuition fees and provides monthly stipend for eligible low-income students at Gandhara University.,"Computer Science,Software Engineering,Business Administration,Electrical Engineering,Mechanical Engineering,Civil Engineering,Data Science,Artificial Intelligence,Medicine","HEC Need-Based Scholarship,University Financial Aid"
uni_48,"Ghazi National Institute of Engineering and Sciences, Dera Ghazi Khan","Ghazi National Institute of Engineering and Sciences, Dera Ghazi Khan",Dera Ghazi Khan,Punjab,Private,2021,https://www.gnies.edu.pk/,https://www.hec.gov.pk/english/universities/PublishingImages/Ghazi%20Institute%20of%20Engg%20and%20Sciences.jpg,,350000,False,False,"Taunsa By Pass Road, Near Pakistan Chowk,  Dera Ghazi Khan Khan,  Punjab-Pakistan. Tel # +92 64 268 9006; +64 268 9006 Email: info@gnies.edu.pk","Covers up to 100% tuition fees and provides monthly stipend for eligible low-income students at Ghazi National Institute of Engineering and Sciences, Dera Ghazi Khan.","Pharmacy,Medicine,Computer Science,Electrical Engineering,Software Engineering,Robotics,Civil Engineering,Data Science,Mechatronics,Artificial Intelligence,Mechanical Engineering,Business Administration",University Financial Aid
uni_49,Ghazi University,Ghazi University,Dera Ghazi Khan,Punjab,Public,2012,http://www.gudgk.edu.pk/,https://www.hec.gov.pk/english/universities/PublishingImages/Ghazi%20University.jpg,,45000,True,True,"Ghazi University, Dera Ghazi Khan Tel # +92 (64) 9260135 Email: info@gudgk.edu.pk",Covers up to 100% tuition fees and provides monthly stipend for eligible low-income students at Ghazi University.,"Computer Science,Software Engineering,Business Administration,Electrical Engineering,Mechanical Engineering","HEC Need-Based Scholarship,USAID Merit and Needs-Based Scholarship,University Financial Aid"
uni_50,Ghulam Ishaq Khan Institute of Engineering Sciences & Technology,Ghulam Ishaq Khan Institute of Engineering Sciences & Technology,Abbottabad,Khyber Pakhtunkhwa,Private,1994,http://www.giki.edu.pk,https://www.hec.gov.pk/Style%20Library/HEC/images/Placeholder-Image-Content.png,7,350000,False,False,"Topi-23640, District Swabi +92-938-271875,+92-938-271897, exchange: 271858",Covers up to 100% tuition fees and provides monthly stipend for eligible low-income students at Ghulam Ishaq Khan Institute of Engineering Sciences & Technology.,"Computer Science,Electrical Engineering,Software Engineering,Robotics,Civil Engineering,Mechatronics,Mechanical Engineering,Business Administration",University Financial Aid
uni_51,GIFT University,GIFT University,Gujranwala,Punjab,Private,2004,http://www.gift.edu.pk/,https://www.hec.gov.pk/Style%20Library/HEC/images/Placeholder-Image-Content.png,,350000,False,False,"Sialkot Bypass, Gujranwala, Pakistan. +92-55-3892981",Covers up to 100% tuition fees and provides monthly stipend for eligible low-income students at GIFT University.,"Computer Science,Software Engineering,Business Administration,Electrical Engineering,Mechanical Engineering,Civil Engineering,Data Science",University Financial Aid
uni_52,"Global Institute, Lahore","Global Institute, Lahore",Lahore,Punjab,Private,2011,http://global.edu.pk,https://www.hec.gov.pk/english/universities/PublishingImages/Global%20Institute.png,,350000,True,False,"3-Aurangzeb Block, New Garden Town, Lahore. +92-42-35857924-6","Covers up to 100% tuition fees and provides monthly stipend for eligible low-income students at Global Institute, Lahore.","Computer Science,Software Engineering,Business Administration,Electrical Engineering,Mechanical Engineering,Civil Engineering,Data Science,Artificial Intelligence","HEC Need-Based Scholarship,University Financial Aid"
uni_53,Gomal University,Gomal University,Dera Ismail Khan,Khyber Pakhtunkhwa,Public,1974,http://www.gu.edu.pk/,https://www.hec.gov.pk/Style%20Library/HEC/images/Placeholder-Image-Content.png,,93000,True,True,"Multan Road, D. I Khan +92-966-750266, +92-966-750279 +92-966-966-750-424-9",Covers up to 100% tuition fees and provides monthly stipend for eligible low-income students at Gomal University.,"Computer Science,Software Engineering,Business Administration,Electrical Engineering,Mechanical Engineering,Civil Engineering,Data Science,Artificial Intelligence,Medicine","HEC Need-Based Scholarship,USAID Merit and Needs-Based Scholarship,University Financial Aid"
uni_54,"Government College for Women University, Faisalabad","Government College for Women University, Faisalabad",Faisalabad,Punjab,Public,2013,http://www.gcuf.edu.pk/,https://www.hec.gov.pk/Style%20Library/HEC/images/Placeholder-Image-Content.png,,105000,True,True,"Government College for Women University, Faisalabad. +92-41-9220053, +92-41-9220297","Covers up to 100% tuition fees and provides monthly stipend for eligible low-income students at Government College for Women University, Faisalabad.","Computer Science,Software Engineering,Business Administration,Electrical Engineering,Mechanical Engineering,Civil Engineering,Data Science,Artificial Intelligence,Medicine,Pharmacy","HEC Need-Based Scholarship,USAID Merit and Needs-Based Scholarship,University Financial Aid"
uni_55,"Government College for Women University, Sialkot","Government College for Women University, Sialkot",Sialkot,Punjab,Public,2015,http://www.gcwus.edu.pk/,https://www.hec.gov.pk/Style%20Library/HEC/images/Placeholder-Image-Content.png,,45000,True,True,"Kutchehry Road Sialkot - 51310 Punjab, Pakistan. +92-52-925 0170, +92-52-925 0556","Covers up to 100% tuition fees and provides monthly stipend for eligible low-income students at Government College for Women University, Sialkot.","Computer Science,Software Engineering,Business Administration,Electrical Engineering,Mechanical Engineering","HEC Need-Based Scholarship,USAID Merit and Needs-Based Scholarship,University Financial Aid"
uni_56,"Government College University, Faisalabad","Government College University, Faisalabad",Faisalabad,Punjab,Public,2002,http://www.gcuf.edu.pk/,https://www.hec.gov.pk/Style%20Library/HEC/images/02.jpg,,57000,True,True,"Kotwali Rd, Faisalabad 38000, Pakistan. +92-41-9200670, +92-41-9201266, +92-41-9200670","Covers up to 100% tuition fees and provides monthly stipend for eligible low-income students at Government College University, Faisalabad.","Computer Science,Software Engineering,Business Administration,Electrical Engineering,Mechanical Engineering,Civil Engineering","HEC Need-Based Scholarship,USAID Merit and Needs-Based Scholarship,University Financial Aid"
uni_57,"Government College University, Hyderabad","Government College University, Hyderabad",Hyderabad,Sindh,Public,2019,http://www.gcuh.edu.pk,https://www.hec.gov.pk/english/universities/PublishingImages/GCUH.jpg,,69000,True,True,"Opposite Pinyari Police Station, Kali Mori, Hyderabad Sindh, Pakistan Tel # +92-22-2111877 Email: info@gcuh.edu.pk","Covers up to 100% tuition fees and provides monthly stipend for eligible low-income students at Government College University, Hyderabad.","Computer Science,Software Engineering,Business Administration,Electrical Engineering,Mechanical Engineering,Civil Engineering,Data Science","HEC Need-Based Scholarship,USAID Merit and Needs-Based Scholarship,University Financial Aid"
uni_58,"Government College University, Lahore","Government College University, Lahore",Lahore,Punjab,Public,2002,http://www.gcu.edu.pk/,https://www.hec.gov.pk/Style%20Library/HEC/images/Placeholder-Image-Content.png,,81000,True,True,"Near Nasir Bagh, Katchery Rd, Lahore 54000, Pakistan. +92-42-111 000 010","Covers up to 100% tuition fees and provides monthly stipend for eligible low-income students at Government College University, Lahore.","Computer Science,Software Engineering,Business Administration,Electrical Engineering,Mechanical Engineering,Civil Engineering,Data Science,Artificial Intelligence","HEC Need-Based Scholarship,USAID Merit and Needs-Based Scholarship,University Financial Aid"
uni_59,Government Sadiq College Women University,Government Sadiq College Women University,Bahawal Pur,Punjab,Public,2015,http://www.gscwu.edu.pk/,https://www.hec.gov.pk/english/universities/PublishingImages/Govt.%20Sadiq%20Women%20University.png,,93000,True,True,"Government Sadiq College Women University, Bahawalpur. +92-62-2284803, +92-62 9250075",Covers up to 100% tuition fees and provides monthly stipend for eligible low-income students at Government Sadiq College Women University.,"Computer Science,Software Engineering,Business Administration,Electrical Engineering,Mechanical Engineering,Civil Engineering,Data Science,Artificial Intelligence,Medicine","HEC Need-Based Scholarship,USAID Merit and Needs-Based Scholarship,University Financial Aid"
uni_60,Greenwich University,Greenwich University,Karachi,Sindh,Private,1998,http://www.greenwichuniversity.edu.pk/,https://www.hec.gov.pk/Style%20Library/HEC/images/Placeholder-Image-Content.png,,350000,True,False,"DK-10, 38th Street, Darkshan, DHA, Phase 6, Karachi 75500. +92-21-35840397-98, +92-21-35847663, +92-21-35847664 +92-21-35842270, UAN:(92)(21) 111 202 303",Covers up to 100% tuition fees and provides monthly stipend for eligible low-income students at Greenwich University.,"Computer Science,Software Engineering,Business Administration,Electrical Engineering,Mechanical Engineering,Civil Engineering,Data Science,Artificial Intelligence,Medicine,Pharmacy","HEC Need-Based Scholarship,University Financial Aid"
uni_61,Habib University,Habib University,Karachi,Sindh,Private,2012,http://www.habib.edu.pk/,https://www.hec.gov.pk/Style%20Library/HEC/images/Placeholder-Image-Content.png,,350000,True,False,"Habib University Foundation147, Block 7 & 8 Banglore Cooperative Housing SocietyTipu Sultan Road Karachi – 75350. +92-21-111-042 242",Covers up to 100% tuition fees and provides monthly stipend for eligible low-income students at Habib University.,"Computer Science,Software Engineering,Business Administration,Electrical Engineering,Mechanical Engineering","HEC Need-Based Scholarship,University Financial Aid"
uni_62,Hajvery University,Hajvery University,Lahore,Punjab,Private,2002,http://www.hajvery.edu.pk/,https://www.hec.gov.pk/english/universities/PublishingImages/Hajvery-University-logo.jpg,,350000,True,False,"43-52 Industrial Area Gulberg III, Lahore. +92-42-35717130-1, +92-42-111 777 007",Covers up to 100% tuition fees and provides monthly stipend for eligible low-income students at Hajvery University.,"Computer Science,Software Engineering,Business Administration,Electrical Engineering,Mechanical Engineering,Civil Engineering","HEC Need-Based Scholarship,University Financial Aid"
uni_63,Hamdard University,Hamdard University,Karachi,Sindh,Private,1992,http://www.hamdard.edu.pk/,https://www.hec.gov.pk/Style%20Library/HEC/images/Placeholder-Image-Content.png,,350000,True,False,"Madinat-al-Hikmah, Sharea Madinat al-Hikmah, Muhammad Bin Qasim Avenue, Karachi 74600. +92-21-36440030021, +92-21-36440017 +92-21-36440030",Covers up to 100% tuition fees and provides monthly stipend for eligible low-income students at Hamdard University.,"Computer Science,Software Engineering,Business Administration,Electrical Engineering,Mechanical Engineering,Civil Engineering,Data Science","HEC Need-Based Scholarship,University Financial Aid"
uni_64,"Hands Institute of Development Studies, Karachi","Hands Institute of Development Studies, Karachi",Karachi,Sindh,Private,2023,https://hands-ids.edu.pk,https://www.hec.gov.pk/english/universities/PublishingImages/Hands%20Institute%20Karachi.png,,350000,True,False,"Plot No. 158, Off M9 (Karachi-Hyderabad) Motorway, Gaddap Road, Near Baqai University, Karachi-Pakistan Tel # registrar@hands-ida.edu.pk Email: 021-38102402","Covers up to 100% tuition fees and provides monthly stipend for eligible low-income students at Hands Institute of Development Studies, Karachi.","Computer Science,Software Engineering,Business Administration,Electrical Engineering,Mechanical Engineering,Civil Engineering,Data Science,Artificial Intelligence","HEC Need-Based Scholarship,University Financial Aid"
uni_65,Hazara University,Hazara University,Mansehra,Khyber Pakhtunkhwa,Public,1997,http://www.hu.edu.pk,https://www.hec.gov.pk/Style%20Library/HEC/images/Placeholder-Image-Content.png,,93000,True,True,"Dhodial, Mansehra +92-997-530732, +92-997-414121",Covers up to 100% tuition fees and provides monthly stipend for eligible low-income students at Hazara University.,"Computer Science,Software Engineering,Business Administration,Electrical Engineering,Mechanical Engineering,Civil Engineering,Data Science,Artificial Intelligence,Medicine","HEC Need-Based Scholarship,USAID Merit and Needs-Based Scholarship,University Financial Aid"
uni_66,"Health Services Academy (HSA), Islamabad","Health Services Academy (HSA), Islamabad",Islamabad,Islamabad Capital Territory,Public,2018,http://www.hsa.edu.pk/,https://www.hec.gov.pk/english/universities/PublishingImages/Health%20Services%20Academy%20Islamabad.png,,105000,True,True,"Opposite National Institute of Health (NIH), Islamabad Tel # +92-51-9255590-94, Fax # +92-51-9255591 Email: academy@hsa.edu.pk","Covers up to 100% tuition fees and provides monthly stipend for eligible low-income students at Health Services Academy (HSA), Islamabad.","MBBS,BDS,Pharmacy,Nursing,Biotechnology,Public Health","HEC Need-Based Scholarship,USAID Merit and Needs-Based Scholarship,University Financial Aid"
uni_67,HITEC University,HITEC University,Rawalpindi,Punjab,Private,2009,http://www.hitecuni.edu.pk/,https://www.hec.gov.pk/Style%20Library/HEC/images/Placeholder-Image-Content.png,,350000,True,False,"Museum Road Taxila Cantt. +92-51-4908142, +92-51-3010514, +92-51-908146-50",Covers up to 100% tuition fees and provides monthly stipend for eligible low-income students at HITEC University.,"Computer Science,Software Engineering,Business Administration,Electrical Engineering,Mechanical Engineering","HEC Need-Based Scholarship,University Financial Aid"
uni_68,Hyderabad Institute for Technology & Management Sciences,Hyderabad Institute for Technology & Management Sciences,Hyderabad,Sindh,Public,2021,http://www.hec.gov.pk,https://www.hec.gov.pk/english/universities/PublishingImages/HEC.gif,,57000,True,True,Tell # 92-22-3823752 Email: rectorhitmshyd@gmail.com,Covers up to 100% tuition fees and provides monthly stipend for eligible low-income students at Hyderabad Institute for Technology & Management Sciences.,"Computer Science,Electrical Engineering,Software Engineering,Robotics,Civil Engineering,Mechatronics,Mechanical Engineering,Business Administration","HEC Need-Based Scholarship,USAID Merit and Needs-Based Scholarship,University Financial Aid"
uni_69,"Ibadat International University, Islamabad","Ibadat International University, Islamabad",Islamabad,Islamabad Capital Territory,Private,2021,https://iiui.edu.pk/,https://www.hec.gov.pk/english/universities/PublishingImages/IBADAT%20International%20University%20Islamabad%20Logo.jpg,,350000,True,False,"6.7 Km, Japan Road, Sihala Islamabad-Pakistan Tel # 0092-51-4486422-25 UAN # 0092-51-111-448-448, Email: info@iiui.edu.pk","Covers up to 100% tuition fees and provides monthly stipend for eligible low-income students at Ibadat International University, Islamabad.","Computer Science,Software Engineering,Business Administration,Electrical Engineering,Mechanical Engineering,Civil Engineering,Data Science","HEC Need-Based Scholarship,University Financial Aid"
uni_70,"Ibn-e-Sina University, Mirpurkhas","Ibn-e-Sina University, Mirpurkhas",Mirpur Khas,Sindh,Private,2022,https://isu.edu.pk,https://www.hec.gov.pk/english/universities/PublishingImages/IBN-E-SINA%20UNIVERSITY.png,,350000,False,False,"Mirpurkhas, Sindh-Pakistan Email: info@isu.edu.pk Tel # +92-0233 821503","Covers up to 100% tuition fees and provides monthly stipend for eligible low-income students at Ibn-e-Sina University, Mirpurkhas.","Computer Science,Software Engineering,Business Administration,Electrical Engineering,Mechanical Engineering,Civil Engineering,Data Science,Artificial Intelligence",University Financial Aid
uni_71,ILMA University,ILMA University,Karachi,Sindh,Private,2003,http://www.ibt.edu.pk,https://www.hec.gov.pk/english/universities/PublishingImages/ILMA%20Karachi.jpg,,350000,True,False,"Main Ibrahim Hydri Road, Korangi Creek, Karachi. +92-21-35120462, +92-21-35091872, +92-21-35120461",Covers up to 100% tuition fees and provides monthly stipend for eligible low-income students at ILMA University.,"Computer Science,Software Engineering,Business Administration,Electrical Engineering,Mechanical Engineering,Civil Engineering,Data Science,Artificial Intelligence,Medicine","HEC Need-Based Scholarship,University Financial Aid"
uni_72,Imperial College of Business Studies,Imperial College of Business Studies,Lahore,Punjab,Private,2002,http://www.imperial.edu.pk/,https://www.hec.gov.pk/english/universities/PublishingImages/Imperial%20College%20Lahore.jpg,,350000,True,False,"Canal Bank Road Near Bahria Chowk, Lahore 53720. +92-42-35978525-32",Covers up to 100% tuition fees and provides monthly stipend for eligible low-income students at Imperial College of Business Studies.,"Computer Science,Software Engineering,Business Administration,Electrical Engineering,Mechanical Engineering,Civil Engineering,Data Science,Artificial Intelligence,Medicine,Pharmacy","HEC Need-Based Scholarship,University Financial Aid"
uni_73,Indus University,Indus University,Karachi,Sindh,Private,2004,http://www.indus.edu.pk/,https://www.hec.gov.pk/Style%20Library/HEC/images/Placeholder-Image-Content.png,,350000,True,False,"ST-2D, Block-17, Adjacent National Stadium Gulshan-e Iqbal, Opp: Mushriq Centre, Karachi. +92-21-34977457, +92-21- 34801430-35 +92-21-34811723, +92-21-34977457",Covers up to 100% tuition fees and provides monthly stipend for eligible low-income students at Indus University.,"Computer Science,Software Engineering,Business Administration,Electrical Engineering,Mechanical Engineering","HEC Need-Based Scholarship,University Financial Aid"
uni_74,Indus Valley School of Art & Architecture,Indus Valley School of Art & Architecture,Karachi,Sindh,Private,1994,http://www.indusvalley.edu.pk/,https://www.hec.gov.pk/Style%20Library/HEC/images/Placeholder-Image-Content.png,,350000,True,False,"Street 33, Block 2, Scheme-5, Clifton, Karachi.75600 +92-21-111-111-487 Ext: 201,+92-21-35861055 +92-21-35861039-40",Covers up to 100% tuition fees and provides monthly stipend for eligible low-income students at Indus Valley School of Art & Architecture.,"Computer Science,Software Engineering,Business Administration,Electrical Engineering,Mechanical Engineering,Civil Engineering","HEC Need-Based Scholarship,University Financial Aid"
uni_75,Information Technology University of the Punjab,Information Technology University of the Punjab,Lahore,Punjab,Public,2012,http://www.itu.edu.pk/,https://www.hec.gov.pk/english/universities/PublishingImages/information%20Technology%20University.jpg,,69000,True,True,"6th Floor, Arfa Software Technology Park, Ferozepur Road, Lahore. +92-42-99232124, +9242-99232538, +92-42-99231170  +92-42-99231171",Covers up to 100% tuition fees and provides monthly stipend for eligible low-income students at Information Technology University of the Punjab.,"Computer Science,Electrical Engineering,Software Engineering,Robotics,Civil Engineering,Data Science,Mechatronics,Mechanical Engineering,Business Administration","HEC Need-Based Scholarship,USAID Merit and Needs-Based Scholarship,University Financial Aid"
uni_76,Institute for Art and Culture,Institute for Art and Culture,Lahore,Punjab,Private,2018,http://www.iac.edu.pk,https://www.hec.gov.pk/english/universities/PublishingImages/ICA%20lahore.jpg,,350000,True,False,"Mian Riwand Road, Lahore Pakistan Tel: +92 42 32590040-7 Email: info@iac.edu.pk",Covers up to 100% tuition fees and provides monthly stipend for eligible low-income students at Institute for Art and Culture.,"Computer Science,Software Engineering,Business Administration,Electrical Engineering,Mechanical Engineering,Civil Engineering,Data Science,Artificial Intelligence","HEC Need-Based Scholarship,University Financial Aid"
uni_77,Institute of Business Administration,Institute of Business Administration,Karachi,Sindh,Public,1994,http://www.iba.edu.pk/,https://www.hec.gov.pk/Style%20Library/HEC/images/Placeholder-Image-Content.png,,93000,True,True,"Main Campus University Road, Karachi. +92-21-38104700-1",Covers up to 100% tuition fees and provides monthly stipend for eligible low-income students at Institute of Business Administration.,"Computer Science,Software Engineering,Business Administration,Electrical Engineering,Mechanical Engineering,Civil Engineering,Data Science,Artificial Intelligence,Medicine","HEC Need-Based Scholarship,USAID Merit and Needs-Based Scholarship,University Financial Aid"
uni_78,Institute of Business Managementhttp://www.iobm.edu.pk,Institute of Business Managementhttp://www.iobm.edu.pk,Karachi,Sindh,Private,1998,http://www.iobm.edu.pk,https://www.hec.gov.pk/Style%20Library/HEC/images/Placeholder-Image-Content.png,,350000,True,False,"Korangi Creek, Karachi-75190, Pakistan. +92-21-35091684, +92-21-350 91907",Covers up to 100% tuition fees and provides monthly stipend for eligible low-income students at Institute of Business Managementhttp://www.iobm.edu.pk.,"Computer Science,Software Engineering,Business Administration,Electrical Engineering,Mechanical Engineering,Civil Engineering,Data Science,Artificial Intelligence,Medicine,Pharmacy","HEC Need-Based Scholarship,University Financial Aid"
uni_79,Institute of Management Sciences,Institute of Management Sciences,Lahore,Punjab,Private,2002,http://www.pakaims.edu.pk/,https://www.hec.gov.pk/Style%20Library/HEC/images/Placeholder-Image-Content.png,,350000,True,False,"23-E-III, Gulberg-III, Lahore. +92-42-35751115-8, +92-42-35758664",Covers up to 100% tuition fees and provides monthly stipend for eligible low-income students at Institute of Management Sciences.,"Computer Science,Software Engineering,Business Administration,Electrical Engineering,Mechanical Engineering","HEC Need-Based Scholarship,University Financial Aid"
uni_80,Institute of Management Sciences (2),Institute of Management Sciences (2),Peshawar,Khyber Pakhtunkhwa,Public,2002,http://www.imsciences.edu.pk,https://www.hec.gov.pk/Style%20Library/HEC/images/Placeholder-Image-Content.png,,57000,True,True,"I-A, Sector E-5, Phase-VII, Hayatabad, Peshawar. +92-91-9219542",Covers up to 100% tuition fees and provides monthly stipend for eligible low-income students at Institute of Management Sciences (2).,"Computer Science,Software Engineering,Business Administration,Electrical Engineering,Mechanical Engineering,Civil Engineering","HEC Need-Based Scholarship,USAID Merit and Needs-Based Scholarship,University Financial Aid"
uni_81,Institute of Southern Punjab,Institute of Southern Punjab,Multan,Punjab,Private,2010,http://isp.edu.pk/,https://www.hec.gov.pk/Style%20Library/HEC/images/Placeholder-Image-Content.png,,350000,True,False,"City Campus: 31-A Gulgasht, Multan. +92-61-111-477-78600, +92-61-621-11-11",Covers up to 100% tuition fees and provides monthly stipend for eligible low-income students at Institute of Southern Punjab.,"Computer Science,Software Engineering,Business Administration,Electrical Engineering,Mechanical Engineering,Civil Engineering,Data Science","HEC Need-Based Scholarship,University Financial Aid"
uni_82,Institute of Space Technology,Institute of Space Technology,Islamabad,Islamabad Capital Territory,Public,2005,http://www.ist.edu.pk/,https://www.hec.gov.pk/english/universities/PublishingImages/IST%20Islamabad.jpg,,81000,True,True,"+92-51-9075100, +92-51-9273310",Covers up to 100% tuition fees and provides monthly stipend for eligible low-income students at Institute of Space Technology.,"Computer Science,Electrical Engineering,Software Engineering,Robotics,Civil Engineering,Data Science,Mechatronics,Artificial Intelligence,Mechanical Engineering,Business Administration","HEC Need-Based Scholarship,USAID Merit and Needs-Based Scholarship,University Financial Aid"
uni_83,"International Institute of Science, Arts and Technology, Gujranwala","International Institute of Science, Arts and Technology, Gujranwala",Gujranwala,Punjab,Private,2022,https://www.iisat.edu.pk,https://www.hec.gov.pk/english/universities/PublishingImages/IISAT%20Gujranwala.png,,350000,False,False,"Lahore Road near Sialkot Bypass,  Gujranwala-Punjab  Tel # +92 55 3200003-5 Email: info@iisat.edu.pk","Covers up to 100% tuition fees and provides monthly stipend for eligible low-income students at International Institute of Science, Arts and Technology, Gujranwala.","Medicine,Computer Science,Electrical Engineering,Software Engineering,Robotics,Civil Engineering,Data Science,Mechatronics,Artificial Intelligence,Mechanical Engineering,Business Administration",University Financial Aid
uni_84,International Islamic University,International Islamic University,Islamabad,Islamabad Capital Territory,Public,1985,http://www.iiu.edu.pk/,https://www.hec.gov.pk/Style%20Library/HEC/images/Placeholder-Image-Content.png,,105000,True,True,"New Campus, Sector H-10, Islamabad +92-51-9257988, +92-51-9019616",Covers up to 100% tuition fees and provides monthly stipend for eligible low-income students at International Islamic University.,"Computer Science,Software Engineering,Business Administration,Electrical Engineering,Mechanical Engineering,Civil Engineering,Data Science,Artificial Intelligence,Medicine,Pharmacy","HEC Need-Based Scholarship,USAID Merit and Needs-Based Scholarship,University Financial Aid"
uni_85,Iqra National University,Iqra National University,Peshawar,Khyber Pakhtunkhwa,Private,2011,http://www.inu.edu.pk,https://www.hec.gov.pk/Style%20Library/HEC/images/HEC%20ICON-12.png,,350000,True,False,"Phase-II, Hayatabad Peshawar +92-91-5822 852091 +92-91-5822982 (Direct)",Covers up to 100% tuition fees and provides monthly stipend for eligible low-income students at Iqra National University.,"Computer Science,Software Engineering,Business Administration,Electrical Engineering,Mechanical Engineering","HEC Need-Based Scholarship,University Financial Aid"
uni_86,Iqra University,Iqra University,Karachi,Sindh,Private,2000,http://www.iqra.edu.pk,https://www.hec.gov.pk/Style%20Library/HEC/images/Placeholder-Image-Content.png,,350000,True,False,"Defence View, Shaheed-e-Millat Road, (Ext), Karachi. +92-21-35310802, +92-21-35310818",Covers up to 100% tuition fees and provides monthly stipend for eligible low-income students at Iqra University.,"Computer Science,Software Engineering,Business Administration,Electrical Engineering,Mechanical Engineering,Civil Engineering","HEC Need-Based Scholarship,University Financial Aid"
uni_87,Islamia College Peshawar,Islamia College Peshawar,Peshawar,Khyber Pakhtunkhwa,Public,2008,http://www.icp.edu.pk,https://www.hec.gov.pk/Style%20Library/HEC/images/Placeholder-Image-Content.png,,69000,True,True,"Jamrod Road, University Campus,Peshawar. +92-91-9216009",Covers up to 100% tuition fees and provides monthly stipend for eligible low-income students at Islamia College Peshawar.,"Computer Science,Software Engineering,Business Administration,Electrical Engineering,Mechanical Engineering,Civil Engineering,Data Science","HEC Need-Based Scholarship,USAID Merit and Needs-Based Scholarship,University Financial Aid"
uni_88,Islamia University Bahawalpur,Islamia University Bahawalpur,Bahawal Pur,Punjab,Public,1975,http://www.iub.edu.pk/,https://www.hec.gov.pk/english/universities/PublishingImages/IUB.jpg,,81000,True,True,"Abbasia Campus, Bahawalpur. +92-62-9250231",Covers up to 100% tuition fees and provides monthly stipend for eligible low-income students at Islamia University Bahawalpur.,"Computer Science,Software Engineering,Business Administration,Electrical Engineering,Mechanical Engineering,Civil Engineering,Data Science,Artificial Intelligence","HEC Need-Based Scholarship,USAID Merit and Needs-Based Scholarship,University Financial Aid"
uni_89,Isra University,Isra University,Hyderabad,Sindh,Private,1997,http://www.isra.edu.pk,https://www.hec.gov.pk/Style%20Library/HEC/images/Placeholder-Image-Content.png,,350000,True,False,"Halla Road, P.O. Box No.313, Hyderabad. +92-22-2030188022, +92-22-3203 0181-4 Islamabad Campus:School of Engineering & AppliedSciences Plot No. 176, Sohni Road, I-10/3,Islamabad, Pakistan. +92-51-8439901-10 +92-51-8358360-61",Covers up to 100% tuition fees and provides monthly stipend for eligible low-income students at Isra University.,"Computer Science,Software Engineering,Business Administration,Electrical Engineering,Mechanical Engineering,Civil Engineering,Data Science,Artificial Intelligence,Medicine","HEC Need-Based Scholarship,University Financial Aid"
uni_90,Jinnah Sindh Medical University,Jinnah Sindh Medical University,Karachi,Sindh,Public,2013,http://www.jsmu.edu.pk,https://www.hec.gov.pk/Style%20Library/HEC/images/Placeholder-Image-Content.png,,105000,True,True,"Rafique H.J Shaheed Road, Karachi. +92-21-99204776, +92-21- 35223812-16",Covers up to 100% tuition fees and provides monthly stipend for eligible low-income students at Jinnah Sindh Medical University.,"MBBS,BDS,Pharmacy,Nursing,Biotechnology,Public Health","HEC Need-Based Scholarship,USAID Merit and Needs-Based Scholarship,University Financial Aid"
uni_91,Jinnah University for Women,Jinnah University for Women,Karachi,Sindh,Private,1998,http://www.juw.edu.pk,https://www.hec.gov.pk/Style%20Library/HEC/images/Placeholder-Image-Content.png,,350000,True,False,"Jinnah University for Women, 5-C, Nazimabad, Karachi 74600. +92-21-36611245, +92-21-36619902",Covers up to 100% tuition fees and provides monthly stipend for eligible low-income students at Jinnah University for Women.,"Computer Science,Software Engineering,Business Administration,Electrical Engineering,Mechanical Engineering","HEC Need-Based Scholarship,University Financial Aid"
uni_92,Karachi Institute of Economics & Technology,Karachi Institute of Economics & Technology,Karachi,Sindh,Private,2001,http://www.pafkiet.edu.pk,https://www.hec.gov.pk/Style%20Library/HEC/images/Placeholder-Image-Content.png,,350000,True,False,"PAF Base, Korangi Creek, Karachi-75190. +92-21-35091114-7",Covers up to 100% tuition fees and provides monthly stipend for eligible low-income students at Karachi Institute of Economics & Technology.,"Computer Science,Electrical Engineering,Software Engineering,Robotics,Civil Engineering,Mechatronics,Mechanical Engineering,Business Administration","HEC Need-Based Scholarship,University Financial Aid"
uni_93,"Karachi Institute of Technology and Entrepreneurship (KITE), Karachi","Karachi Institute of Technology and Entrepreneurship (KITE), Karachi",Karachi,Sindh,Private,2016,http://kite.edu.pk/,https://www.hec.gov.pk/english/universities/PublishingImages/Sindh/KITE.png,,350000,True,False,"Plot 3 & 3-A, Sector 47, Korangi Creek Road Karachi-75190, Pakistan Tel # 92-21-35092200, +92-21-35092201 Email: info@kite.edu.pk","Covers up to 100% tuition fees and provides monthly stipend for eligible low-income students at Karachi Institute of Technology and Entrepreneurship (KITE), Karachi.","Computer Science,Electrical Engineering,Software Engineering,Robotics,Civil Engineering,Data Science,Mechatronics,Mechanical Engineering,Business Administration","HEC Need-Based Scholarship,University Financial Aid"
uni_94,Karachi School of Business and Leadership,Karachi School of Business and Leadership,Karachi,Sindh,Private,2013,http://www.ksbl.edu.pk,https://www.hec.gov.pk/english/universities/PublishingImages/KSBL%20logo.png,,350000,True,False,"National Stadium Road Opp. Liaquat National Hospital, Karachi – 74800. +92-21- 34855382  +92-21-721021, +92-21-38771999",Covers up to 100% tuition fees and provides monthly stipend for eligible low-income students at Karachi School of Business and Leadership.,"Computer Science,Software Engineering,Business Administration,Electrical Engineering,Mechanical Engineering,Civil Engineering,Data Science,Artificial Intelligence","HEC Need-Based Scholarship,University Financial Aid"
uni_95,Karakurum International University,Karakurum International University,Gilgit,Gilgit Baltistan,Public,2002,http://www.kiu.edu.pk/,https://www.hec.gov.pk/english/universities/PublishingImages/KIU%20Logo.jpg,,93000,True,True,"University Road Gilgit, Gilgit Baltistan. +92-5811-960440",Covers up to 100% tuition fees and provides monthly stipend for eligible low-income students at Karakurum International University.,"Computer Science,Software Engineering,Business Administration,Electrical Engineering,Mechanical Engineering,Civil Engineering,Data Science,Artificial Intelligence,Medicine","HEC Need-Based Scholarship,USAID Merit and Needs-Based Scholarship,University Financial Aid"
uni_96,KASB Institute of Technology,KASB Institute of Technology,Karachi,Sindh,Private,2001,http://www.kasbit.edu.pk,https://www.hec.gov.pk/Style%20Library/HEC/images/Placeholder-Image-Content.png,,350000,True,False,"84-B, SMCHS Karachi-74400. +92-21-343 14970-3",Covers up to 100% tuition fees and provides monthly stipend for eligible low-income students at KASB Institute of Technology.,"Pharmacy,Medicine,Computer Science,Electrical Engineering,Software Engineering,Robotics,Civil Engineering,Data Science,Mechatronics,Artificial Intelligence,Mechanical Engineering,Business Administration","HEC Need-Based Scholarship,University Financial Aid"
uni_97,"Khawaja Freed University of Engineering & Information Technology, Rahim Yar Khan","Khawaja Freed University of Engineering & Information Technology, Rahim Yar Khan",Rahim Yar Khan,Punjab,Public,2014,http://www.kfueit.edu.pk/,https://www.hec.gov.pk/english/universities/PublishingImages/Khawaja%20Fareed%20University%20RYK.jpg,,45000,True,True,"Abu Dhabi Road, Rahim Yar Khan. Tel # +92-68-9239121, +92-68-9239122","Covers up to 100% tuition fees and provides monthly stipend for eligible low-income students at Khawaja Freed University of Engineering & Information Technology, Rahim Yar Khan.","Computer Science,Electrical Engineering,Software Engineering,Robotics,Civil Engineering,Mechatronics,Mechanical Engineering,Business Administration","HEC Need-Based Scholarship,USAID Merit and Needs-Based Scholarship,University Financial Aid"
uni_98,Khushal Khan Khattak University,Khushal Khan Khattak University,Karak,Khyber Pakhtunkhwa,Public,2012,http://www.kkkuk.edu.pk,https://www.hec.gov.pk/Style%20Library/HEC/images/Placeholder-Image-Content.png,,57000,True,True,"Opposite Tableghi markaz, Karak. +92-927-291018",Covers up to 100% tuition fees and provides monthly stipend for eligible low-income students at Khushal Khan Khattak University.,"Computer Science,Software Engineering,Business Administration,Electrical Engineering,Mechanical Engineering,Civil Engineering","HEC Need-Based Scholarship,USAID Merit and Needs-Based Scholarship,University Financial Aid"
uni_99,Khyber Medical University,Khyber Medical University,Peshawar,Khyber Pakhtunkhwa,Public,2007,http://www.kmu.edu.pk,https://www.hec.gov.pk/Style%20Library/HEC/images/Placeholder-Image-Content.png,,69000,True,True,PDA building Block-4 Phase-5 Hayatabad Peshawar +92-91- 9217695,Covers up to 100% tuition fees and provides monthly stipend for eligible low-income students at Khyber Medical University.,"MBBS,BDS,Pharmacy,Nursing,Biotechnology,Public Health","HEC Need-Based Scholarship,USAID Merit and Needs-Based Scholarship,University Financial Aid"
uni_100,Khyber Pakhtunkhwa Agricultural University,Khyber Pakhtunkhwa Agricultural University,Peshawar,Khyber Pakhtunkhwa,Public,1981,http://www.aup.edu.pk,https://www.hec.gov.pk/Style%20Library/HEC/images/Placeholder-Image-Content.png,,81000,True,True,"University Campus, Peshawar +92-91-9216518091, +92--9216572-9",Covers up to 100% tuition fees and provides monthly stipend for eligible low-income students at Khyber Pakhtunkhwa Agricultural University.,"Computer Science,Software Engineering,Business Administration,Electrical Engineering,Mechanical Engineering,Civil Engineering,Data Science,Artificial Intelligence","HEC Need-Based Scholarship,USAID Merit and Needs-Based Scholarship,University Financial Aid"
uni_101,King Edward Medical University,King Edward Medical University,Lahore,Punjab,Public,2005,http://www.kemu.edu.pk/,https://www.hec.gov.pk/Style%20Library/HEC/images/Placeholder-Image-Content.png,,93000,True,True,"Nelagumbad near New Anarkali, Lahore. +92-42-99211151, +92-42-37354005",Covers up to 100% tuition fees and provides monthly stipend for eligible low-income students at King Edward Medical University.,"MBBS,BDS,Pharmacy,Nursing,Biotechnology,Public Health","HEC Need-Based Scholarship,USAID Merit and Needs-Based Scholarship,University Financial Aid"
uni_102,Kinnaird College for Women,Kinnaird College for Women,Lahore,Punjab,Public,2002,http://www.kinnaird.edu.pk/,https://www.hec.gov.pk/Style%20Library/HEC/images/_MG_2858.jpg,,340000,True,True,"93-Jail Road, Lahore. +92-42-99203781-4",Covers up to 100% tuition fees and provides monthly stipend for eligible low-income students at Kinnaird College for Women.,"Computer Science,Software Engineering,Business Administration,Electrical Engineering,Mechanical Engineering,Civil Engineering,Data Science,Artificial Intelligence,Medicine,Pharmacy","HEC Need-Based Scholarship,USAID Merit and Needs-Based Scholarship,University Financial Aid"
uni_103,Kohat University of Science and Technology,Kohat University of Science and Technology,Kohat,Khyber Pakhtunkhwa,Public,2001,http://www.kust.edu.pk,https://www.hec.gov.pk/Style%20Library/HEC/images/Placeholder-Image-Content.png,,45000,True,True,"Bannu Rd, Kohat 26000, Khyber Pakhtunkhwa. +92-922-554578, +92-922-52914776",Covers up to 100% tuition fees and provides monthly stipend for eligible low-income students at Kohat University of Science and Technology.,"Computer Science,Electrical Engineering,Software Engineering,Robotics,Civil Engineering,Mechatronics,Mechanical Engineering,Business Administration","HEC Need-Based Scholarship,USAID Merit and Needs-Based Scholarship,University Financial Aid"
uni_104,"Kohsar University, Murree","Kohsar University, Murree",Rawalpindi,Punjab,Public,2020,https://www.kum.edu.pk/,https://www.hec.gov.pk/english/universities/PublishingImages/Kohsar%20University%20Logo.jfif,,57000,True,True,"Near Kashmir Point, Murree, Rawalpindi, Punjab Pakistan Tel # +92-51- 9269170","Covers up to 100% tuition fees and provides monthly stipend for eligible low-income students at Kohsar University, Murree.","Computer Science,Software Engineering,Business Administration,Electrical Engineering,Mechanical Engineering,Civil Engineering","HEC Need-Based Scholarship,USAID Merit and Needs-Based Scholarship,University Financial Aid"
uni_105,Lahore College for Women University,Lahore College for Women University,Lahore,Punjab,Public,2002,http://www.lcwu.edu.pk/,https://www.hec.gov.pk/Style%20Library/HEC/images/Placeholder-Image-Content.png,,69000,True,True,"Jail Road, Lahore. +92-42-99203088",Covers up to 100% tuition fees and provides monthly stipend for eligible low-income students at Lahore College for Women University.,"Computer Science,Software Engineering,Business Administration,Electrical Engineering,Mechanical Engineering,Civil Engineering,Data Science","HEC Need-Based Scholarship,USAID Merit and Needs-Based Scholarship,University Financial Aid"
uni_106,Lahore Garrison University,Lahore Garrison University,Lahore,Punjab,Private,2014,http://lgu.edu.pk/,https://www.hec.gov.pk/Style%20Library/HEC/images/Placeholder-Image-Content.png,,350000,True,False,"Main CampusSector C, DHA Phase-VI, Lahore. +92-42-37181821-22",Covers up to 100% tuition fees and provides monthly stipend for eligible low-income students at Lahore Garrison University.,"Computer Science,Software Engineering,Business Administration,Electrical Engineering,Mechanical Engineering,Civil Engineering,Data Science,Artificial Intelligence","HEC Need-Based Scholarship,University Financial Aid"
uni_107,"Lahore Institute of Science & Technology, Lahore","Lahore Institute of Science & Technology, Lahore",Lahore,Punjab,Private,2022,http://www.list.edu.pk/,https://www.hec.gov.pk/english/universities/PublishingImages/LIST%20Lahore.png,,350000,True,False,"7-Madina Park, Bedian Road, Lahore Cantt Punjab-Pakistan. Tel # +92-383-546-00,1 +92-3-111-444-547 Email: academics.head@list.edu.pk","Covers up to 100% tuition fees and provides monthly stipend for eligible low-income students at Lahore Institute of Science & Technology, Lahore.","Medicine,Computer Science,Electrical Engineering,Software Engineering,Robotics,Civil Engineering,Data Science,Mechatronics,Artificial Intelligence,Mechanical Engineering,Business Administration","HEC Need-Based Scholarship,University Financial Aid"
uni_108,Lahore Leads University,Lahore Leads University,Lahore,Punjab,Private,2001,http://www.leads.edu.pk/,https://www.hec.gov.pk/Style%20Library/HEC/images/Placeholder-Image-Content.png,,350000,True,False,"5-Tipu Block, New Garden Town, Lahore. +92-42-35846330, +92-4235843208, +92-42 111 002 005",Covers up to 100% tuition fees and provides monthly stipend for eligible low-income students at Lahore Leads University.,"Computer Science,Software Engineering,Business Administration,Electrical Engineering,Mechanical Engineering,Civil Engineering,Data Science,Artificial Intelligence,Medicine,Pharmacy","HEC Need-Based Scholarship,University Financial Aid"
uni_109,Lahore School of Economics,Lahore School of Economics,Lahore,Punjab,Private,1997,http://www.lahoreschoolofeconomics.edu.pk/,https://www.hec.gov.pk/Style%20Library/HEC/images/Placeholder-Image-Content.png,,350000,True,False,"Intersection Main Boulevard Phase VI DHA, Burki 53200, Lahore. +92-42-36560938",Covers up to 100% tuition fees and provides monthly stipend for eligible low-income students at Lahore School of Economics.,"Computer Science,Software Engineering,Business Administration,Electrical Engineering,Mechanical Engineering","HEC Need-Based Scholarship,University Financial Aid"
uni_110,"Lahore University of Biological and Applied Sciences,Lahore","Lahore University of Biological and Applied Sciences,Lahore",Lahore,Punjab,Private,2023,https://ubas.edu.pk/,"https://www.hec.gov.pk/english/universities/PublishingImages/Lahore%20University%20of%20Biological%20and%20Applied%20Sciences,%20Lahore.png",3,350000,True,False,"Canal Road, North Tulsapur,  Lahore. Tel # 0092346 4418891","Covers up to 100% tuition fees and provides monthly stipend for eligible low-income students at Lahore University of Biological and Applied Sciences,Lahore.","Computer Science,Software Engineering,Business Administration,Electrical Engineering,Mechanical Engineering,Civil Engineering","HEC Need-Based Scholarship,University Financial Aid"
uni_111,Lahore University of Management Sciences,Lahore University of Management Sciences,Lahore,Punjab,Private,1985,http://www.lums.edu.pk/,https://www.hec.gov.pk/Style%20Library/HEC/images/Placeholder-Image-Content.png,3,350000,True,False,"D.H.A, Lahore Cantt. 54792 Lahore, Pakistan. +92-42-35608000",Covers up to 100% tuition fees and provides monthly stipend for eligible low-income students at Lahore University of Management Sciences.,"Computer Science,Software Engineering,Business Administration,Electrical Engineering,Mechanical Engineering,Civil Engineering,Data Science","HEC Need-Based Scholarship,University Financial Aid"
uni_112,"Lasbela University of Agriculture, Water & Marine Sciences","Lasbela University of Agriculture, Water & Marine Sciences",Lasbella,Balochistan,Public,2005,http://www.luawms.edu.pk/,https://www.hec.gov.pk/Style%20Library/HEC/images/Placeholder-Image-Content.png,,81000,True,True,"Lasbela University of Agriculture, Water and Marine Sciences, Uthal, District Lasbela +92-853-610847","Covers up to 100% tuition fees and provides monthly stipend for eligible low-income students at Lasbela University of Agriculture, Water & Marine Sciences.","Agronomy,Veterinary Medicine,Food Science,Environmental Science,Biotechnology","HEC Need-Based Scholarship,USAID Merit and Needs-Based Scholarship,University Financial Aid"
uni_113,Liaquat University of Medical & Health Sciences,Liaquat University of Medical & Health Sciences,Jamshoro,Sindh,Public,2001,http://www.lumhs.edu.pk,https://www.hec.gov.pk/Style%20Library/HEC/images/Placeholder-Image-Content.png,,93000,True,True,"Indus Highway, Jamshoro. +92-22-9213305, +92-22-9213307",Covers up to 100% tuition fees and provides monthly stipend for eligible low-income students at Liaquat University of Medical & Health Sciences.,"MBBS,BDS,Pharmacy,Nursing,Biotechnology,Public Health","HEC Need-Based Scholarship,USAID Merit and Needs-Based Scholarship,University Financial Aid"
uni_114,"Malir University of Science & Technology, Karachi","Malir University of Science & Technology, Karachi",Karachi,Sindh,Private,2022,http://www.maliruniversity.edu.pk/,https://www.hec.gov.pk/english/universities/PublishingImages/Malir%20University%20Karachi.png,,350000,True,False,"Koohi Goth, Deh Landhi, Bin Qasim Town,  National Highway, Karachi,  Sindh-Pakistan Tel # 0092-21- 35002417 Email: admissions@maliruniversity.edu.pk","Covers up to 100% tuition fees and provides monthly stipend for eligible low-income students at Malir University of Science & Technology, Karachi.","Pharmacy,Medicine,Computer Science,Electrical Engineering,Software Engineering,Robotics,Civil Engineering,Data Science,Mechatronics,Artificial Intelligence,Mechanical Engineering,Business Administration","HEC Need-Based Scholarship,University Financial Aid"
uni_115,Mehran University of Engineering & Technology,Mehran University of Engineering & Technology,Khairpur,Sindh,Public,1977,http://www.muet.edu.pk,https://www.hec.gov.pk/Style%20Library/HEC/images/Placeholder-Image-Content.png,20,45000,True,True,"Indus Highway, Jamshoro 76062, Pakistan. +92-22-2771197",Covers up to 100% tuition fees and provides monthly stipend for eligible low-income students at Mehran University of Engineering & Technology.,"Computer Science,Electrical Engineering,Software Engineering,Robotics,Civil Engineering,Mechatronics,Mechanical Engineering,Business Administration","HEC Need-Based Scholarship,USAID Merit and Needs-Based Scholarship,University Financial Aid"
uni_116,Metropolitan University Karachi,Metropolitan University Karachi,Karachi,Sindh,Private,2016,http://www.metropolitanuniversity.pk/,https://www.hec.gov.pk/english/universities/PublishingImages/Sindh/Metropolitan%20University%20karachi.jpeg,,350000,True,False,"Sector 34-A, KDA Schem 33, Main University Road, Malir Cantt, Karachi. Tel # +92-21-34151399",Covers up to 100% tuition fees and provides monthly stipend for eligible low-income students at Metropolitan University Karachi.,"Computer Science,Software Engineering,Business Administration,Electrical Engineering,Mechanical Engineering,Civil Engineering","HEC Need-Based Scholarship,University Financial Aid"
uni_117,"Millennium Institute of Technology and Entrepreneurship, Karachi","Millennium Institute of Technology and Entrepreneurship, Karachi",Karachi,Sindh,Private,2021,https://mite.edu.pk/,https://www.hec.gov.pk/english/universities/PublishingImages/Mite%20Karachi.png,,350000,True,False,"Plot # 10, Sector 47, Korangi Creek Road, Korangi Creek, Karachi-Pakistan Tel # 0092-21-35090042  Email: registrar@mite.edu.pk; info@mite.edu.pk","Covers up to 100% tuition fees and provides monthly stipend for eligible low-income students at Millennium Institute of Technology and Entrepreneurship, Karachi.","Computer Science,Electrical Engineering,Software Engineering,Robotics,Civil Engineering,Data Science,Mechatronics,Mechanical Engineering,Business Administration","HEC Need-Based Scholarship,University Financial Aid"
uni_118,Minhaj University,Minhaj University,Lahore,Punjab,Private,2005,http://www.mul.edu.pk/,https://www.hec.gov.pk/Style%20Library/HEC/images/Placeholder-Image-Content.png,,350000,True,False,"Near Hamdard Chowk, Township, Lahore. +92-42-351206800, +92-42-35145621-4 +92-42-351206322",Covers up to 100% tuition fees and provides monthly stipend for eligible low-income students at Minhaj University.,"Computer Science,Software Engineering,Business Administration,Electrical Engineering,Mechanical Engineering,Civil Engineering,Data Science,Artificial Intelligence","HEC Need-Based Scholarship,University Financial Aid"
uni_119,Mir Chakar Khan Rind University,Mir Chakar Khan Rind University,Sibi,Balochistan,Public,2018,https://www.mckru.edu.pk/,https://www.hec.gov.pk/english/universities/PublishingImages/Mir%20Chakar%20Rind%20University.jpg,,93000,True,True,"Mir Chakar Khan Rind University Luni Road, Sibi Balochistan Tel #  0833-500903 Email:  registrar@mckru.edu.pk",Covers up to 100% tuition fees and provides monthly stipend for eligible low-income students at Mir Chakar Khan Rind University.,"Computer Science,Software Engineering,Business Administration,Electrical Engineering,Mechanical Engineering,Civil Engineering,Data Science,Artificial Intelligence,Medicine","HEC Need-Based Scholarship,USAID Merit and Needs-Based Scholarship,University Financial Aid"
uni_120,Mir Chakar Khan Rind University of Technology,Mir Chakar Khan Rind University of Technology,Dera Ghazi Khan,Punjab,Public,2019,http://www.mcut.edu.pk/,https://www.hec.gov.pk/english/universities/PublishingImages/Mir%20Chakar%20Rind%20University%20of%20Technology%20D%20G%20Khan.jpg,,105000,True,True,"12-km, Sakhi Sarwar Road, Dera Ghazi Khan Punjab- Pakistan Tel # + 92 335 091 1214 Email:  registrar@mcut.edu.pk",Covers up to 100% tuition fees and provides monthly stipend for eligible low-income students at Mir Chakar Khan Rind University of Technology.,"Pharmacy,Medicine,Computer Science,Electrical Engineering,Software Engineering,Robotics,Civil Engineering,Data Science,Mechatronics,Artificial Intelligence,Mechanical Engineering,Business Administration","HEC Need-Based Scholarship,USAID Merit and Needs-Based Scholarship,University Financial Aid"
uni_121,Mirpur University of Science & Technology,Mirpur University of Science & Technology,Mirpur,Azad Jammu & Kashmir,Public,2008,http://www.must.edu.pk/,https://www.hec.gov.pk/Style%20Library/HEC/images/Placeholder-Image-Content.png,,45000,True,True,"Mirpur University of Science and Technology (MUST), Admin Block, Allama Iqbal Road, Sector B-3, Mirpur. +92-5827-961034",Covers up to 100% tuition fees and provides monthly stipend for eligible low-income students at Mirpur University of Science & Technology.,"Computer Science,Electrical Engineering,Software Engineering,Robotics,Civil Engineering,Mechatronics,Mechanical Engineering,Business Administration","HEC Need-Based Scholarship,USAID Merit and Needs-Based Scholarship,University Financial Aid"
uni_122,Mohi-ud-Din Islamic University,Mohi-ud-Din Islamic University,Nerian Sharif,Azad Jammu & Kashmir,Private,2000,http://www.miu.edu.pk/,https://www.hec.gov.pk/Style%20Library/HEC/images/Placeholder-Image-Content.png,,350000,False,False,"Mohi-ud-Din Islamic University, Nerian Sharif AJ&K. +92-5825-450284-5 +92-342-5552062, +92-344-4366008, +92-343-5133628",Covers up to 100% tuition fees and provides monthly stipend for eligible low-income students at Mohi-ud-Din Islamic University.,"Computer Science,Software Engineering,Business Administration,Electrical Engineering,Mechanical Engineering,Civil Engineering",University Financial Aid
uni_123,Muhammad Ali Jinnah University,Muhammad Ali Jinnah University,Karachi,Sindh,Private,2000,http://www.jinnah.edu,https://www.hec.gov.pk/Style%20Library/HEC/images/Placeholder-Image-Content.png,,350000,True,False,"22-E, Block-6, PECHS, Karachi 75400 +92-21-111-87-87-87, +92-21-34311325-6, +92-21-34543321-25",Covers up to 100% tuition fees and provides monthly stipend for eligible low-income students at Muhammad Ali Jinnah University.,"Computer Science,Software Engineering,Business Administration,Electrical Engineering,Mechanical Engineering,Civil Engineering,Data Science","HEC Need-Based Scholarship,University Financial Aid"
uni_124,Muhammad Nawaz Shareef University of Agriculture,Muhammad Nawaz Shareef University of Agriculture,Multan,Punjab,Public,2013,http://www.mnsuam.edu.pk/,https://www.hec.gov.pk/english/universities/PublishingImages/MNSUAM-Logo.png,,81000,True,True,"Old Shujabad Road, Multan. Tel # +92-61-9201680, 9201711 Email: registrar@mnsuam.edu.pk",Covers up to 100% tuition fees and provides monthly stipend for eligible low-income students at Muhammad Nawaz Shareef University of Agriculture.,"Agronomy,Veterinary Medicine,Food Science,Environmental Science,Biotechnology","HEC Need-Based Scholarship,USAID Merit and Needs-Based Scholarship,University Financial Aid"
uni_125,Muhammad Nawaz Sharif University of  Engineering & Technology,Muhammad Nawaz Sharif University of  Engineering & Technology,Multan,Punjab,Public,2014,http://www.mnsuet.edu.pk/,https://www.hec.gov.pk/Style%20Library/HEC/images/Placeholder-Image-Content.png,,93000,True,True,"GCT, Old Bahwalpur Road, Multan. +92-61-4482453",Covers up to 100% tuition fees and provides monthly stipend for eligible low-income students at Muhammad Nawaz Sharif University of  Engineering & Technology.,"Medicine,Computer Science,Electrical Engineering,Software Engineering,Robotics,Civil Engineering,Data Science,Mechatronics,Artificial Intelligence,Mechanical Engineering,Business Administration","HEC Need-Based Scholarship,USAID Merit and Needs-Based Scholarship,University Financial Aid"
uni_126,"Multan University of Science and Technology, Multan","Multan University of Science and Technology, Multan",Multan,Punjab,Private,2022,http://www.multanust.edu.pk,https://www.hec.gov.pk/english/universities/PublishingImages/Multan%20UST.png,,350000,True,False,"0.5 Km from Nag Shah Chowk,  Main Muzaffargarah Road, Multan-Punjab Tel # +92304-1111952 Email: multanust@gmail.com","Covers up to 100% tuition fees and provides monthly stipend for eligible low-income students at Multan University of Science and Technology, Multan.","Pharmacy,Medicine,Computer Science,Electrical Engineering,Software Engineering,Robotics,Civil Engineering,Data Science,Mechatronics,Artificial Intelligence,Mechanical Engineering,Business Administration","HEC Need-Based Scholarship,University Financial Aid"
uni_127,"MY University, Islamabad","MY University, Islamabad",Islamabad,Islamabad Capital Territory,Private,2013,http://myu.edu.pk/,https://www.hec.gov.pk/english/universities/PublishingImages/Pages/Islamabad/MY-University/MY%20University%20Logo.png,,350000,True,False,"MY University, Japan Road, Islamabad.  +92-51-2355222","Covers up to 100% tuition fees and provides monthly stipend for eligible low-income students at MY University, Islamabad.","Computer Science,Software Engineering,Business Administration,Electrical Engineering,Mechanical Engineering","HEC Need-Based Scholarship,University Financial Aid"
uni_128,"Namal University, Mianwali","Namal University, Mianwali",Mianwali,Punjab,Private,2019,https://www.namal.edu.pk/,https://www.hec.gov.pk/english/universities/PublishingImages/Namal%20Institute%20Mianwali.jpg,,350000,False,False,"Namal University, 30-Km Talagang Road, Mianwali Punjab Pakistan Tel # +92-459-236995","Covers up to 100% tuition fees and provides monthly stipend for eligible low-income students at Namal University, Mianwali.","Computer Science,Software Engineering,Business Administration,Electrical Engineering,Mechanical Engineering,Civil Engineering",University Financial Aid
uni_129,National College of Arts,National College of Arts,Lahore,Punjab,Public,1985,http://www.nca.edu.pk/,https://www.hec.gov.pk/english/universities/PublishingImages/NCA%20Lahore.png,,69000,True,True,"4-Shahrah-e-Quaid-I-Azam, Lahore. +92-42-99211622",Covers up to 100% tuition fees and provides monthly stipend for eligible low-income students at National College of Arts.,"Computer Science,Software Engineering,Business Administration,Electrical Engineering,Mechanical Engineering,Civil Engineering,Data Science","HEC Need-Based Scholarship,USAID Merit and Needs-Based Scholarship,University Financial Aid"
uni_130,National College of Business Administration & Economics,National College of Business Administration & Economics,Lahore,Punjab,Private,2002,http://www.ncbae.edu.pk,https://www.hec.gov.pk/english/universities/PublishingImages/NCBAE-Logo.jpg,,350000,True,False,"40-E/1, Gulberg III, Lahore. +92-42-35752716 +92-42-35878583, +92-42-35752716-9",Covers up to 100% tuition fees and provides monthly stipend for eligible low-income students at National College of Business Administration & Economics.,"Computer Science,Software Engineering,Business Administration,Electrical Engineering,Mechanical Engineering,Civil Engineering,Data Science,Artificial Intelligence","HEC Need-Based Scholarship,University Financial Aid"
uni_131,National Defense University,National Defense University,Islamabad,Islamabad Capital Territory,Public,2007,http://www.ndu.edu.pk/,https://www.hec.gov.pk/Style%20Library/HEC/images/Placeholder-Image-Content.png,,93000,True,True,"Sector E-9, Islamabad",Covers up to 100% tuition fees and provides monthly stipend for eligible low-income students at National Defense University.,"Computer Science,Software Engineering,Business Administration,Electrical Engineering,Mechanical Engineering,Civil Engineering,Data Science,Artificial Intelligence,Medicine","HEC Need-Based Scholarship,USAID Merit and Needs-Based Scholarship,University Financial Aid"
uni_132,"National Skills University, Islamabad","National Skills University, Islamabad",Islamabad,Islamabad Capital Territory,Public,2018,https://www.nsu.edu.pk/,https://www.hec.gov.pk/english/universities/PublishingImages/Skills%20University.png,,105000,True,True,"National Skills University, Faiz Ahmed Faiz Road, H-8/1, Islamabad Tel # +92-051-9250908 Public Relations Office: pro@nsu.edu.pk","Covers up to 100% tuition fees and provides monthly stipend for eligible low-income students at National Skills University, Islamabad.","Computer Science,Software Engineering,Business Administration,Electrical Engineering,Mechanical Engineering,Civil Engineering,Data Science,Artificial Intelligence,Medicine,Pharmacy","HEC Need-Based Scholarship,USAID Merit and Needs-Based Scholarship,University Financial Aid"
uni_133,National Textile University,National Textile University,Faisalabad,Punjab,Public,2002,http://www.ntu.edu.pk/,https://www.hec.gov.pk/english/universities/PublishingImages/NTU-.png,,45000,True,True,"Sheikhupura Road, Faisalabad. +92-41-9230099",Covers up to 100% tuition fees and provides monthly stipend for eligible low-income students at National Textile University.,"Computer Science,Software Engineering,Business Administration,Electrical Engineering,Mechanical Engineering","HEC Need-Based Scholarship,USAID Merit and Needs-Based Scholarship,University Financial Aid"
uni_134,"National University of Computer & Emerging Sciences, Islamabad","National University of Computer & Emerging Sciences, Islamabad",Islamabad,Islamabad Capital Territory,Private,2000,http://www.nu.edu.pk/,https://www.hec.gov.pk/Style%20Library/HEC/images/Placeholder-Image-Content.png,1,350000,True,False,"A.K Brohi Road Sector H-11/4, Islamabad. +92-51-111 128 128, +92-51-8314100 - 03","Covers up to 100% tuition fees and provides monthly stipend for eligible low-income students at National University of Computer & Emerging Sciences, Islamabad.","Computer Science,Software Engineering,Business Administration,Electrical Engineering,Mechanical Engineering,Civil Engineering","HEC Need-Based Scholarship,University Financial Aid"
uni_135,National University of Medical Sciences (NUMS),National University of Medical Sciences (NUMS),Rawalpindi,Punjab,Public,2015,http://numspak.edu.pk/,https://www.hec.gov.pk/english/universities/PublishingImages/NUMS%20Rwp.png,1,69000,True,True,"National University of Medical Sciences , The Mall Rawalpindi, Paksitan. Tel # +92-51-9270677 Email: info@numspak.edu.pk",Covers up to 100% tuition fees and provides monthly stipend for eligible low-income students at National University of Medical Sciences (NUMS).,"MBBS,BDS,Pharmacy,Nursing,Biotechnology,Public Health","HEC Need-Based Scholarship,USAID Merit and Needs-Based Scholarship,University Financial Aid"
uni_136,National University of Modern Languages,National University of Modern Languages,Islamabad,Islamabad Capital Territory,Public,2000,http://www.numl.edu.pk/,https://www.hec.gov.pk/english/universities/PublishingImages/NUML%20Logo.jpeg,1,81000,True,True,"National University of Modern Languages H-9 Islamabad ,Pakistan. +92-51-111-11-6878, +92-51-90856878",Covers up to 100% tuition fees and provides monthly stipend for eligible low-income students at National University of Modern Languages.,"Computer Science,Software Engineering,Business Administration,Electrical Engineering,Mechanical Engineering,Civil Engineering,Data Science,Artificial Intelligence","HEC Need-Based Scholarship,USAID Merit and Needs-Based Scholarship,University Financial Aid"
uni_137,National University of Pakistan,National University of Pakistan,Rawalpindi,Punjab,Public,2023,https://www.nup.edu.pk,https://www.hec.gov.pk/english/universities/PublishingImages/HEC.gif,1,93000,True,True,"FGEIs (Cantt/Garrison) Directorate Secretariat, Sir Syed Road, Rawalpindi Cantt. Tel # 051-5910020",Covers up to 100% tuition fees and provides monthly stipend for eligible low-income students at National University of Pakistan.,"Computer Science,Software Engineering,Business Administration,Electrical Engineering,Mechanical Engineering,Civil Engineering,Data Science,Artificial Intelligence,Medicine","HEC Need-Based Scholarship,USAID Merit and Needs-Based Scholarship,University Financial Aid"
uni_138,National University of Sciences & Technology,National University of Sciences & Technology,Islamabad,Islamabad Capital Territory,Public,1997,http://www.nust.edu.pk/,https://www.hec.gov.pk/Style%20Library/HEC/images/NUST-011.jpg,1,105000,True,True,"National University of Sciences and Technology. NUST Campus, H-12, Islamabad, Pakistan. +92-51-111-11-6878",Covers up to 100% tuition fees and provides monthly stipend for eligible low-income students at National University of Sciences & Technology.,"Pharmacy,Medicine,Computer Science,Electrical Engineering,Software Engineering,Robotics,Civil Engineering,Data Science,Mechatronics,Artificial Intelligence,Mechanical Engineering,Business Administration","HEC Need-Based Scholarship,USAID Merit and Needs-Based Scholarship,University Financial Aid"
uni_139,"National University of Technology (NUTECH), Islamabad","National University of Technology (NUTECH), Islamabad",Islamabad,Islamabad Capital Territory,Public,2018,http://www.nutech.edu.pk,https://www.hec.gov.pk/english/universities/PublishingImages/NUTECH.png,1,45000,True,True,"National University of Technology (NUTECH), IJP Road, Sector I-12, Islamabad. Tel: 9251-5476768","Covers up to 100% tuition fees and provides monthly stipend for eligible low-income students at National University of Technology (NUTECH), Islamabad.","Computer Science,Electrical Engineering,Software Engineering,Robotics,Civil Engineering,Mechatronics,Mechanical Engineering,Business Administration","HEC Need-Based Scholarship,USAID Merit and Needs-Based Scholarship,University Financial Aid"
uni_140,Nazeer Hussain University,Nazeer Hussain University,Karachi,Sindh,Private,2003,http://www.nhu.edu.pk/,https://www.hec.gov.pk/Style%20Library/HEC/images/Placeholder-Image-Content.png,,350000,True,False,ST-2 Block-4 Federal B Area Karachi. +92-21- 3636 2046-54,Covers up to 100% tuition fees and provides monthly stipend for eligible low-income students at Nazeer Hussain University.,"Computer Science,Software Engineering,Business Administration,Electrical Engineering,Mechanical Engineering,Civil Engineering","HEC Need-Based Scholarship,University Financial Aid"
uni_141,NED University of Engineering & Technology,NED University of Engineering & Technology,Karachi,Sindh,Public,1977,http://www.neduet.edu.pk,https://www.hec.gov.pk/Style%20Library/HEC/images/Placeholder-Image-Content.png,18,69000,True,True,"University Road, Karachi. +92-21-99261253, +92-21-99261 262-68/2242",Covers up to 100% tuition fees and provides monthly stipend for eligible low-income students at NED University of Engineering & Technology.,"Computer Science,Electrical Engineering,Software Engineering,Robotics,Civil Engineering,Data Science,Mechatronics,Mechanical Engineering,Business Administration","HEC Need-Based Scholarship,USAID Merit and Needs-Based Scholarship,University Financial Aid"
uni_142,Newport Institute of Communications & Economics,Newport Institute of Communications & Economics,Karachi,Sindh,Private,2002,http://www.newports.edu.pk,https://www.hec.gov.pk/Style%20Library/HEC/images/Placeholder-Image-Content.png,,350000,True,False,"40-L, PECHS Block-6, Karachi +92-21-34547417, +92-21-34313070, +92-21-34541067 +92-21-34541074. +92-21-34381842",Covers up to 100% tuition fees and provides monthly stipend for eligible low-income students at Newport Institute of Communications & Economics.,"Computer Science,Software Engineering,Business Administration,Electrical Engineering,Mechanical Engineering,Civil Engineering,Data Science,Artificial Intelligence","HEC Need-Based Scholarship,University Financial Aid"
uni_143,NFC Institute of Engineering & Technology,NFC Institute of Engineering & Technology,Multan,Punjab,Public,2012,http://www.nfciet.edu.pk,https://www.hec.gov.pk/english/universities/PublishingImages/NFC-IET_Logo.jpg,,93000,True,True,"Opposite Pak Arab Fertilizers, Khanewal Road, Multan, Punjab-Pakistan Tel # +92-61-9220044, +92-61-9220012",Covers up to 100% tuition fees and provides monthly stipend for eligible low-income students at NFC Institute of Engineering & Technology.,"Medicine,Computer Science,Electrical Engineering,Software Engineering,Robotics,Civil Engineering,Data Science,Mechatronics,Artificial Intelligence,Mechanical Engineering,Business Administration","HEC Need-Based Scholarship,USAID Merit and Needs-Based Scholarship,University Financial Aid"
uni_144,"Nishtar Medical University, Multan","Nishtar Medical University, Multan",Multan,Punjab,Public,2017,http://www.nmch.edu.pk,https://www.hec.gov.pk/english/universities/PublishingImages/Nishtar%20Medical%20University%20Multan.png,,105000,True,True,"Nishtar Medical University (NMU), Nishtar Road, Gillani Colony, Multan Punjab, Pakistan Tel # +92-61-9200231-35 Fax # +92-61-9200227 Email:   nishtarmed@gmail.com","Covers up to 100% tuition fees and provides monthly stipend for eligible low-income students at Nishtar Medical University, Multan.","MBBS,BDS,Pharmacy,Nursing,Biotechnology,Public Health","HEC Need-Based Scholarship,USAID Merit and Needs-Based Scholarship,University Financial Aid"
uni_145,"Northern University, Nowshera","Northern University, Nowshera",Nowshehra,Khyber Pakhtunkhwa,Private,2002,http://www.northern.edu.pk,https://www.hec.gov.pk/english/universities/PublishingImages/Northen%20University.jpg,,350000,False,False,"Wattar Wali, Ziarat Kaka Sahib Road,  Nowhsera, Khyber Pakhunkhwa. Tel # +92-923-616000, 616001, 616002, 616003 Email: registrar@northern.edu.pk","Covers up to 100% tuition fees and provides monthly stipend for eligible low-income students at Northern University, Nowshera.","Computer Science,Software Engineering,Business Administration,Electrical Engineering,Mechanical Engineering",University Financial Aid
uni_146,Nur International University,Nur International University,Lahore,Punjab,Private,2015,http://www.niu.edu.pk/,https://www.hec.gov.pk/Style%20Library/HEC/images/Placeholder-Image-Content.png,,350000,True,False,"Chairperson Secretariat,Fatima Memorial Hospital, Shadman, Lahore. +92-42-111555600, +92-42-37421967, +92-42-37503694",Covers up to 100% tuition fees and provides monthly stipend for eligible low-income students at Nur International University.,"Computer Science,Software Engineering,Business Administration,Electrical Engineering,Mechanical Engineering,Civil Engineering","HEC Need-Based Scholarship,University Financial Aid"
uni_147,"Pak-Austria Fachhochschule Institute of Applied Sciences and Technology, Haripur","Pak-Austria Fachhochschule Institute of Applied Sciences and Technology, Haripur",Haripur,Khyber Pakhtunkhwa,Public,2019,http://www.paf-iast.edu.pk,https://www.hec.gov.pk/english/universities/PublishingImages/PAK-IAST%20Haripur.jpg,,69000,True,True,"Mang, Haripur-Khyber Pakhtunkhwa Pakistan Tel # +92-995-645112-18 Fax # +92-995-645117","Covers up to 100% tuition fees and provides monthly stipend for eligible low-income students at Pak-Austria Fachhochschule Institute of Applied Sciences and Technology, Haripur.","Computer Science,Electrical Engineering,Software Engineering,Robotics,Civil Engineering,Data Science,Mechatronics,Mechanical Engineering,Business Administration","HEC Need-Based Scholarship,USAID Merit and Needs-Based Scholarship,University Financial Aid"
uni_148,"Pakistan Global Institute, Rawat","Pakistan Global Institute, Rawat",Rawat,Punjab,Private,2023,http://www.mypgi.edu.pk,https://www.hec.gov.pk/english/universities/PublishingImages/Pakistan%20Global%20Institute-Rawat.png,,350000,False,False,"Moza Bagha Sheikhan, Rawat, Rawalpindi. Tel # +92 051 885 0570 Email: pgiadmissions@mypgi.edu.pk","Covers up to 100% tuition fees and provides monthly stipend for eligible low-income students at Pakistan Global Institute, Rawat.","Computer Science,Software Engineering,Business Administration,Electrical Engineering,Mechanical Engineering,Civil Engineering,Data Science,Artificial Intelligence",University Financial Aid
uni_149,Pakistan Institute of Development Economics (PIDE),Pakistan Institute of Development Economics (PIDE),Islamabad,Islamabad Capital Territory,Public,2006,http://www.pide.org.pk/,https://www.hec.gov.pk/Style%20Library/HEC/images/Placeholder-Image-Content.png,4,93000,True,True,"Pakistan Institute of Development Economics (PIDE),  Quaid-i-Azam University Campus,  P.O. Box. 1091, Islamabad, 44000, Pakistan. +92-51-9248074 +92-51-9248065",Covers up to 100% tuition fees and provides monthly stipend for eligible low-income students at Pakistan Institute of Development Economics (PIDE).,"Computer Science,Software Engineering,Business Administration,Electrical Engineering,Mechanical Engineering,Civil Engineering,Data Science,Artificial Intelligence,Medicine","HEC Need-Based Scholarship,USAID Merit and Needs-Based Scholarship,University Financial Aid"
uni_150,Pakistan Institute of Engineering & Applied Sciences,Pakistan Institute of Engineering & Applied Sciences,Islamabad,Islamabad Capital Territory,Public,2000,http://www.pieas.edu.pk/,https://www.hec.gov.pk/english/universities/PublishingImages/PIEAS.jpg,4,105000,True,True,"Nilore, Islamabad, Pakistan. +92 (51) 1111 PIEAS +92 (51) 1111 74327 +92 (51) 924 8600",Covers up to 100% tuition fees and provides monthly stipend for eligible low-income students at Pakistan Institute of Engineering & Applied Sciences.,"Pharmacy,Medicine,Computer Science,Electrical Engineering,Software Engineering,Robotics,Civil Engineering,Data Science,Mechatronics,Artificial Intelligence,Mechanical Engineering,Business Administration","HEC Need-Based Scholarship,USAID Merit and Needs-Based Scholarship,University Financial Aid"
uni_151,Pakistan Institute of Fashion & Design,Pakistan Institute of Fashion & Design,Lahore,Punjab,Public,2011,http://www.pifd.edu.pk/,https://www.hec.gov.pk/english/universities/PublishingImages/PFID%20Lahore.jpg,4,45000,True,True,"51-J/3, Johar Town, Lahore. +92-42 99232951-57",Covers up to 100% tuition fees and provides monthly stipend for eligible low-income students at Pakistan Institute of Fashion & Design.,"Computer Science,Software Engineering,Business Administration,Electrical Engineering,Mechanical Engineering","HEC Need-Based Scholarship,USAID Merit and Needs-Based Scholarship,University Financial Aid"
uni_152,Pakistan Military Academy,Pakistan Military Academy,Abbottabad,Khyber Pakhtunkhwa,Public,1959,http://www.pma.edu.pk,https://www.hec.gov.pk/Style%20Library/HEC/images/Placeholder-Image-Content.png,,57000,True,True,"Kakul Road, Abbottabad Pakistan",Covers up to 100% tuition fees and provides monthly stipend for eligible low-income students at Pakistan Military Academy.,"Computer Science,Software Engineering,Business Administration,Electrical Engineering,Mechanical Engineering,Civil Engineering","HEC Need-Based Scholarship,USAID Merit and Needs-Based Scholarship,University Financial Aid"
uni_153,Pakistan Naval Academy,Pakistan Naval Academy,Karachi,Sindh,Public,1965,http://www.paknavy.gov.pk,https://www.hec.gov.pk/Style%20Library/HEC/images/Placeholder-Image-Content.png,,69000,True,True,"Pakistan Naval Academy Karachi, Pakistan",Covers up to 100% tuition fees and provides monthly stipend for eligible low-income students at Pakistan Naval Academy.,"Computer Science,Software Engineering,Business Administration,Electrical Engineering,Mechanical Engineering,Civil Engineering,Data Science","HEC Need-Based Scholarship,USAID Merit and Needs-Based Scholarship,University Financial Aid"
uni_154,Peoples University of Medical & Health Sciences for Women,Peoples University of Medical & Health Sciences for Women,Nawabshah,Sindh,Public,2009,http://www.pumhs.edu.pk,https://www.hec.gov.pk/Style%20Library/HEC/images/Placeholder-Image-Content.png,,81000,True,True,"Peoples University of Medical & Health Sciences for Women, Nawabshah 67480 (SBA). +92-244-9370260",Covers up to 100% tuition fees and provides monthly stipend for eligible low-income students at Peoples University of Medical & Health Sciences for Women.,"MBBS,BDS,Pharmacy,Nursing,Biotechnology,Public Health","HEC Need-Based Scholarship,USAID Merit and Needs-Based Scholarship,University Financial Aid"
uni_155,Pir Mehr Ali Shah Arid Agriculture University,Pir Mehr Ali Shah Arid Agriculture University,Rawalpindi,Punjab,Public,1995,http://www.uaar.edu.pk/,https://www.hec.gov.pk/Style%20Library/HEC/images/Placeholder-Image-Content.png,,93000,True,True,"Shamsabad, Murree Road, Rawalpindi. +92-51-9292104",Covers up to 100% tuition fees and provides monthly stipend for eligible low-income students at Pir Mehr Ali Shah Arid Agriculture University.,"Agronomy,Veterinary Medicine,Food Science,Environmental Science,Biotechnology","HEC Need-Based Scholarship,USAID Merit and Needs-Based Scholarship,University Financial Aid"
uni_156,"Preston Institute of Management, Science & Technology","Preston Institute of Management, Science & Technology",Karachi,Sindh,Private,2001,http://pimsat-khi.edu.pk,https://www.hec.gov.pk/Style%20Library/HEC/images/Placeholder-Image-Content.png,,350000,True,False,"177/2, IEP Building, Karachi. +92-21-32791216, +92-21-32789888, +92-21-32789889  +92-21-32789890","Covers up to 100% tuition fees and provides monthly stipend for eligible low-income students at Preston Institute of Management, Science & Technology.","Pharmacy,Medicine,Computer Science,Electrical Engineering,Software Engineering,Robotics,Civil Engineering,Data Science,Mechatronics,Artificial Intelligence,Mechanical Engineering,Business Administration","HEC Need-Based Scholarship,University Financial Aid"
uni_157,"Preston University, Karachi","Preston University, Karachi",Karachi,Sindh,Private,2004,http://www.preston.edu.pk,https://www.hec.gov.pk/Style%20Library/HEC/images/Placeholder-Image-Content.png,,350000,True,False,"Main Campus:15, Banglore Town, Shahrah-e-Faisal,Karachi. +92-21-34398727, +92-21-34534663-4 UAN:021-111-707-808","Covers up to 100% tuition fees and provides monthly stipend for eligible low-income students at Preston University, Karachi.","Computer Science,Software Engineering,Business Administration,Electrical Engineering,Mechanical Engineering","HEC Need-Based Scholarship,University Financial Aid"
uni_158,"Preston University, Kohat","Preston University, Kohat",Kohat,Khyber Pakhtunkhwa,Private,2002,http://www.preston.edu.pk,https://www.hec.gov.pk/english/universities/PublishingImages/Preston%20University%20Kohat.jpg,,350000,False,False,"Sector 10 Street 3 KDA Kohat, Kohat, Pakistan, Tel # +92 922 860211 Islamabad Campus: Plot No 85, Street 3, Sector H-8/1,Islamabad. +92-51-8491300","Covers up to 100% tuition fees and provides monthly stipend for eligible low-income students at Preston University, Kohat.","Computer Science,Software Engineering,Business Administration,Electrical Engineering,Mechanical Engineering,Civil Engineering",University Financial Aid
uni_159,"Punjab Tianjin University of Technology, Lahore","Punjab Tianjin University of Technology, Lahore",Lahore,Punjab,Public,2018,http://ptut.edu.pk/,https://www.hec.gov.pk/english/universities/PublishingImages/PTUT%20Lahore.png,,69000,True,True,"Punjab Tianjin University of Technology (PTUT),  Near Green Town Police station, Township,  Lahore, Pakistan Email:    info@ptut.edu.pk Tel:    +92 42 9933 2438  & +92 42 9933 2439","Covers up to 100% tuition fees and provides monthly stipend for eligible low-income students at Punjab Tianjin University of Technology, Lahore.","Computer Science,Electrical Engineering,Software Engineering,Robotics,Civil Engineering,Data Science,Mechatronics,Mechanical Engineering,Business Administration","HEC Need-Based Scholarship,USAID Merit and Needs-Based Scholarship,University Financial Aid"
uni_160,"Punjab University of Technology, Rasul-Mandi Bahauddin","Punjab University of Technology, Rasul-Mandi Bahauddin",Mandi Bahauddin,Punjab,Public,2018,https://www.putrasul.edu.pk/,"https://www.hec.gov.pk/english/universities/PublishingImages/Punjab%20University%20of%20Technology,%20Rasul-Mandi%20Bahauddin.jpg",,81000,True,True,"13-km Mandi Bahauddin - Sarai Alamgir Rd, Rasul, Mandi Bahauddin, Punjab 50370, Pakistan Tel # 0092-0546-553216 Email: registrar@putrasul.edu.pk URL # www.putrasul.edu.pk","Covers up to 100% tuition fees and provides monthly stipend for eligible low-income students at Punjab University of Technology, Rasul-Mandi Bahauddin.","Computer Science,Electrical Engineering,Software Engineering,Robotics,Civil Engineering,Data Science,Mechatronics,Artificial Intelligence,Mechanical Engineering,Business Administration","HEC Need-Based Scholarship,USAID Merit and Needs-Based Scholarship,University Financial Aid"
uni_161,Qarshi University,Qarshi University,Lahore,Punjab,Private,2011,http://www.qu.edu.pk/,https://www.hec.gov.pk/english/universities/PublishingImages/Qarshi%20University.jpg,,350000,True,False,"08-km Thokar Niaz baig, Canal Road,Lahore. +92-42-37499163",Covers up to 100% tuition fees and provides monthly stipend for eligible low-income students at Qarshi University.,"Computer Science,Software Engineering,Business Administration,Electrical Engineering,Mechanical Engineering,Civil Engineering,Data Science,Artificial Intelligence,Medicine","HEC Need-Based Scholarship,University Financial Aid"
uni_162,"Quaid-e-Awam University of Engineering, Sciences & Technology","Quaid-e-Awam University of Engineering, Sciences & Technology",Nawabshah,Sindh,Public,1996,http://www.quest.edu.pk,https://www.hec.gov.pk/Style%20Library/HEC/images/Placeholder-Image-Content.png,,105000,True,True,"Quaid-e-Awam University of Engineering, Science & Technology (QUEST), Nawabshah. +92-244-9370366, +92-244-937 0381","Covers up to 100% tuition fees and provides monthly stipend for eligible low-income students at Quaid-e-Awam University of Engineering, Sciences & Technology.","Pharmacy,Medicine,Computer Science,Electrical Engineering,Software Engineering,Robotics,Civil Engineering,Data Science,Mechatronics,Artificial Intelligence,Mechanical Engineering,Business Administration","HEC Need-Based Scholarship,USAID Merit and Needs-Based Scholarship,University Financial Aid"
uni_163,Quaid-i-Azam University,Quaid-i-Azam University,Islamabad,Islamabad Capital Territory,Public,1973,https://www.qau.edu.pk/,https://www.hec.gov.pk/Style%20Library/HEC/images/Placeholder-Image-Content.png,2,45000,True,True,"Quaid-i-Azam University Islamabad, 45320, Pakistan. +92-051-9064 0000",Covers up to 100% tuition fees and provides monthly stipend for eligible low-income students at Quaid-i-Azam University.,"Computer Science,Software Engineering,Business Administration,Electrical Engineering,Mechanical Engineering","HEC Need-Based Scholarship,USAID Merit and Needs-Based Scholarship,University Financial Aid"
uni_164,Qurtaba University of Science & Information Technology,Qurtaba University of Science & Information Technology,Peshawar,Khyber Pakhtunkhwa,Private,2001,http://www.qurtuba.edu.pk,https://www.hec.gov.pk/Style%20Library/HEC/images/Placeholder-Image-Content.png,,350000,True,False,"Sheikh Yousaf Road, D.I Khan. +92-966-714007-8",Covers up to 100% tuition fees and provides monthly stipend for eligible low-income students at Qurtaba University of Science & Information Technology.,"Computer Science,Electrical Engineering,Software Engineering,Robotics,Civil Engineering,Mechatronics,Mechanical Engineering,Business Administration","HEC Need-Based Scholarship,University Financial Aid"
uni_165,"Rashid Latif Khan University, Lahore","Rashid Latif Khan University, Lahore",Lahore,Punjab,Private,2021,https://rlku.edu.pk,https://www.hec.gov.pk/english/universities/PublishingImages/Rashid%20Latif%20Khan%20University.jpg,,350000,True,False,"Lahore-Punjab, Pakistan. Tel # +92-49-2451091  Email: info@rlku.edu.pk","Covers up to 100% tuition fees and provides monthly stipend for eligible low-income students at Rashid Latif Khan University, Lahore.","Computer Science,Software Engineering,Business Administration,Electrical Engineering,Mechanical Engineering,Civil Engineering,Data Science","HEC Need-Based Scholarship,University Financial Aid"
uni_166,Rawalpindi Medical University,Rawalpindi Medical University,Rawalpindi,Punjab,Public,2017,http://rmur.edu.pk,https://www.hec.gov.pk/english/universities/PublishingImages/Rwp%20Medical%20University.jpeg,,81000,True,True,"Tipu Rd, Rawalpindi 46000, +92 51 9281011",Covers up to 100% tuition fees and provides monthly stipend for eligible low-income students at Rawalpindi Medical University.,"MBBS,BDS,Pharmacy,Nursing,Biotechnology,Public Health","HEC Need-Based Scholarship,USAID Merit and Needs-Based Scholarship,University Financial Aid"
uni_167,"Rawalpindi Women University, Rawalpindi","Rawalpindi Women University, Rawalpindi",Rawalpindi,Punjab,Public,2019,https://rwu.edu.pk,https://www.hec.gov.pk/english/universities/PublishingImages/Rawalpindi%20Women%20University.jpg,,93000,True,True,"6th Road, Satellite Town, Rawalpindi Punjab Pakistan Tel # +92-51-4426873 Fax # + 92-51-4426873 Email:  info@rwu.edu.pk","Covers up to 100% tuition fees and provides monthly stipend for eligible low-income students at Rawalpindi Women University, Rawalpindi.","Computer Science,Software Engineering,Business Administration,Electrical Engineering,Mechanical Engineering,Civil Engineering,Data Science,Artificial Intelligence,Medicine","HEC Need-Based Scholarship,USAID Merit and Needs-Based Scholarship,University Financial Aid"
uni_168,Riphah International University,Riphah International University,Islamabad,Islamabad Capital Territory,Private,2002,https://www.riphah.edu.pk/,https://www.hec.gov.pk/Style%20Library/HEC/images/Placeholder-Image-Content.png,,340000,True,False,"Hajj Complex Road, Sector I-14, Islamabad +92-51-111-RIPHAH, +92-51-8446000-8 +92-51-5469641-7",Covers up to 100% tuition fees and provides monthly stipend for eligible low-income students at Riphah International University.,"Computer Science,Software Engineering,Business Administration,Electrical Engineering,Mechanical Engineering,Civil Engineering,Data Science,Artificial Intelligence,Medicine,Pharmacy","HEC Need-Based Scholarship,University Financial Aid"
uni_169,Saifee Burhani University,Saifee Burhani University,Karachi,Sindh,Private,2023,https://www.sbu.edu.pk,https://www.hec.gov.pk/PublishingImages/Banner%20Images/university-banner.png,,350000,True,False,"Plot No. ST-3, Allama Rasheed Turabi Road, Block-G, North Nazimabad, Karachi. and  Saifee Hospital, ST # 1, Block F, North Nazimabad, Karachi. Email: saifeeburhaniuniversity@gmail.com",Covers up to 100% tuition fees and provides monthly stipend for eligible low-income students at Saifee Burhani University.,"Computer Science,Software Engineering,Business Administration,Electrical Engineering,Mechanical Engineering","HEC Need-Based Scholarship,University Financial Aid"
uni_170,"Salim Habib University (Former Barret Hodgson University), Karachi","Salim Habib University (Former Barret Hodgson University), Karachi",Karachi,Sindh,Private,2015,http://www.shu.edu.pk,https://www.hec.gov.pk/english/universities/PublishingImages/Salim%20Habib%20University.jpg,,350000,True,False,"The Salim Habib Campus, NC-24, Deh Dih, Korangi Creek, Karachi +92 21 35122931-35","Covers up to 100% tuition fees and provides monthly stipend for eligible low-income students at Salim Habib University (Former Barret Hodgson University), Karachi.","Computer Science,Software Engineering,Business Administration,Electrical Engineering,Mechanical Engineering,Civil Engineering","HEC Need-Based Scholarship,University Financial Aid"
uni_171,Sardar Bahadur Khan Women University,Sardar Bahadur Khan Women University,Quetta,Balochistan,Public,2004,http://www.sbkwu.edu.pk,https://www.hec.gov.pk/Style%20Library/HEC/images/Placeholder-Image-Content.png,,69000,True,True,"Bawrery Road, Quetta. +92-81-9213301",Covers up to 100% tuition fees and provides monthly stipend for eligible low-income students at Sardar Bahadur Khan Women University.,"Computer Science,Software Engineering,Business Administration,Electrical Engineering,Mechanical Engineering,Civil Engineering,Data Science","HEC Need-Based Scholarship,USAID Merit and Needs-Based Scholarship,University Financial Aid"
uni_172,Sarhad University of Science & Information Technology,Sarhad University of Science & Information Technology,Peshawar,Khyber Pakhtunkhwa,Private,2001,http://www.suit.edu.pk,https://www.hec.gov.pk/Style%20Library/HEC/images/Placeholder-Image-Content.png,,350000,True,False,"Campus Ring Road LANDI AKHUN AHMAD? Peshawar. +92-91-5230941, +92-91-5230931-33",Covers up to 100% tuition fees and provides monthly stipend for eligible low-income students at Sarhad University of Science & Information Technology.,"Computer Science,Electrical Engineering,Software Engineering,Robotics,Civil Engineering,Data Science,Mechatronics,Artificial Intelligence,Mechanical Engineering,Business Administration","HEC Need-Based Scholarship,University Financial Aid"
uni_173,Shah Abdul Latif University,Shah Abdul Latif University,Khairpur,Sindh,Public,1986,http://www.salu.edu.pk,https://www.hec.gov.pk/Style%20Library/HEC/images/Placeholder-Image-Content.png,,93000,True,True,"Khairpur Mir's, Sindh. +92-243-9280061-62",Covers up to 100% tuition fees and provides monthly stipend for eligible low-income students at Shah Abdul Latif University.,"Computer Science,Software Engineering,Business Administration,Electrical Engineering,Mechanical Engineering,Civil Engineering,Data Science,Artificial Intelligence,Medicine","HEC Need-Based Scholarship,USAID Merit and Needs-Based Scholarship,University Financial Aid"
uni_174,"Shaheed Allah Buksh Soomro University of Arts, Design and Heritages, Jamshoro","Shaheed Allah Buksh Soomro University of Arts, Design and Heritages, Jamshoro",Jamshoro,Sindh,Public,2020,https://www.sabsu.edu.pk/,"https://www.hec.gov.pk/english/universities/PublishingImages/Shaheed%20Allah%20Buksh%20Soomro%20University%20of%20Arts,%20Design%20and%20Heritages,%20Jamshoro.png",,105000,True,True,"Sonwillhar Hills, Near East Toll Plaza,  Jamshoro, Sindh. Tel # 0092(22) 9213600 Email: registrar@sabsu.edu.pk","Covers up to 100% tuition fees and provides monthly stipend for eligible low-income students at Shaheed Allah Buksh Soomro University of Arts, Design and Heritages, Jamshoro.","Computer Science,Software Engineering,Business Administration,Electrical Engineering,Mechanical Engineering,Civil Engineering,Data Science,Artificial Intelligence,Medicine,Pharmacy","HEC Need-Based Scholarship,USAID Merit and Needs-Based Scholarship,University Financial Aid"
uni_175,Shaheed Benazir Bhutto City University,Shaheed Benazir Bhutto City University,Karachi,Sindh,Private,2013,http://www.sbbcu.edu.pk,https://www.hec.gov.pk/Style%20Library/HEC/images/Placeholder-Image-Content.png,,350000,True,False,"Plot F-201 1st floor & 2nd Floor, Near Site Philips Chowrangi, Labour Square, Site Police Station, Binoria Restaurant, Karachi. +92-21-34242136, +92-21-34242091",Covers up to 100% tuition fees and provides monthly stipend for eligible low-income students at Shaheed Benazir Bhutto City University.,"Computer Science,Software Engineering,Business Administration,Electrical Engineering,Mechanical Engineering","HEC Need-Based Scholarship,University Financial Aid"
uni_176,Shaheed Benazir Bhutto Dewan University,Shaheed Benazir Bhutto Dewan University,Karachi,Sindh,Private,2013,http://Under%20construction,https://www.hec.gov.pk/Style%20Library/HEC/images/Placeholder-Image-Content.png,,350000,True,False,"Plot 30-A/1, Sector-23, Korangi Industrial Area, Karachi 74900 +92-21-3511 5008-10, +92-21-35115031, +92-21-35115036-7",Covers up to 100% tuition fees and provides monthly stipend for eligible low-income students at Shaheed Benazir Bhutto Dewan University.,"Computer Science,Software Engineering,Business Administration,Electrical Engineering,Mechanical Engineering,Civil Engineering","HEC Need-Based Scholarship,University Financial Aid"
uni_177,Shaheed Benazir Bhutto University,Shaheed Benazir Bhutto University,Upper Dir,Khyber Pakhtunkhwa,Public,2009,http://www.sbbu.edu.pk/,https://www.hec.gov.pk/Style%20Library/HEC/images/Placeholder-Image-Content.png,,69000,True,True,"Sheringal, Upper Dir, Khyber Pakhtunkhwa. +92-944-885527, +92-944 885529",Covers up to 100% tuition fees and provides monthly stipend for eligible low-income students at Shaheed Benazir Bhutto University.,"Computer Science,Software Engineering,Business Administration,Electrical Engineering,Mechanical Engineering,Civil Engineering,Data Science","HEC Need-Based Scholarship,USAID Merit and Needs-Based Scholarship,University Financial Aid"
uni_178,Shaheed Benazir Bhutto University of Veterinary & Animal Sciences,Shaheed Benazir Bhutto University of Veterinary & Animal Sciences,Nawabshah,Sindh,Public,2012,http://www.sbbuvas.edu.pk,https://www.hec.gov.pk/Style%20Library/HEC/images/Placeholder-Image-Content.png,,81000,True,True,"Main Nawabshah road, Sakrand, District Shaheed Benazirabad. +92-244-322150",Covers up to 100% tuition fees and provides monthly stipend for eligible low-income students at Shaheed Benazir Bhutto University of Veterinary & Animal Sciences.,"Agronomy,Veterinary Medicine,Food Science,Environmental Science,Biotechnology","HEC Need-Based Scholarship,USAID Merit and Needs-Based Scholarship,University Financial Aid"
uni_179,"Shaheed Benazir Bhutto University, Shaheed Benazirabad","Shaheed Benazir Bhutto University, Shaheed Benazirabad",Nawabshah,Sindh,Public,2010,http://http://www.sbbusba.edu.pk/,https://www.hec.gov.pk/Style%20Library/HEC/images/Placeholder-Image-Content.png,,93000,True,True,"Civil Lines, Nawabshah. +92-244-9370520, +92-244-9370527-28-29","Covers up to 100% tuition fees and provides monthly stipend for eligible low-income students at Shaheed Benazir Bhutto University, Shaheed Benazirabad.","Computer Science,Software Engineering,Business Administration,Electrical Engineering,Mechanical Engineering,Civil Engineering,Data Science,Artificial Intelligence,Medicine","HEC Need-Based Scholarship,USAID Merit and Needs-Based Scholarship,University Financial Aid"
uni_180,Shaheed Benazir Bhutto Women University,Shaheed Benazir Bhutto Women University,Peshawar,Khyber Pakhtunkhwa,Public,2005,http://www.sbbwu.edu.pk/,https://www.hec.gov.pk/Style%20Library/HEC/images/Placeholder-Image-Content.png,,105000,True,True,"Opposite Fort Balahisar near LRH, Peshawar. +92-91-9212422, +92-91-922 4777",Covers up to 100% tuition fees and provides monthly stipend for eligible low-income students at Shaheed Benazir Bhutto Women University.,"Computer Science,Software Engineering,Business Administration,Electrical Engineering,Mechanical Engineering,Civil Engineering,Data Science,Artificial Intelligence,Medicine,Pharmacy","HEC Need-Based Scholarship,USAID Merit and Needs-Based Scholarship,University Financial Aid"
uni_181,Shaheed Mohtarma Benazir Bhutto Medical University,Shaheed Mohtarma Benazir Bhutto Medical University,Larkana,Sindh,Public,2008,http://www.smbbmu.edu.pk,https://www.hec.gov.pk/Style%20Library/HEC/images/Placeholder-Image-Content.png,,45000,True,True,"Chandka Medical College, SMBBU, Larkana, Sindh. +92-74-9410908",Covers up to 100% tuition fees and provides monthly stipend for eligible low-income students at Shaheed Mohtarma Benazir Bhutto Medical University.,"MBBS,BDS,Pharmacy,Nursing,Biotechnology,Public Health","HEC Need-Based Scholarship,USAID Merit and Needs-Based Scholarship,University Financial Aid"
uni_182,"Shaheed Zulfikar Ali Bhutto Institute of Science & Technology  University, Karachi","Shaheed Zulfikar Ali Bhutto Institute of Science & Technology  University, Karachi",Karachi,Sindh,Private,1995,https://szabist.edu.pk/,https://www.hec.gov.pk/english/universities/PublishingImages/SZABIST%20University%20karachi.png,,350000,True,False,"90 & 100 Clifton, Karachi 75600. +92-21-35830447Ext: 138,  +92-21-111-922-478 Email: info@szabist.edu.pk","Covers up to 100% tuition fees and provides monthly stipend for eligible low-income students at Shaheed Zulfikar Ali Bhutto Institute of Science & Technology  University, Karachi.","Computer Science,Electrical Engineering,Software Engineering,Robotics,Civil Engineering,Mechatronics,Mechanical Engineering,Business Administration","HEC Need-Based Scholarship,University Financial Aid"
uni_183,Shaheed Zulfiqar Ali Bhutto Medical University,Shaheed Zulfiqar Ali Bhutto Medical University,Islamabad,Islamabad Capital Territory,Public,2013,http://www.szabmu.edu.pk/,https://www.hec.gov.pk/english/universities/PublishingImages/SZABMU%20Islamabad.jpg,,69000,True,True,"Shaheed Zulfiqar Ali Bhutto Medical University (SZABMU), PIMS, G-8/3, Islamabad, 44000 +92-51-9107687",Covers up to 100% tuition fees and provides monthly stipend for eligible low-income students at Shaheed Zulfiqar Ali Bhutto Medical University.,"MBBS,BDS,Pharmacy,Nursing,Biotechnology,Public Health","HEC Need-Based Scholarship,USAID Merit and Needs-Based Scholarship,University Financial Aid"
uni_184,Shaheed Zulfiqar Ali Bhutto University of Law,Shaheed Zulfiqar Ali Bhutto University of Law,Karachi,Sindh,Public,2013,http://www.szabul.edu.pk,https://www.hec.gov.pk/english/universities/PublishingImages/SZABUL%20Karachi.jpeg,,81000,True,True,"Chaudry Khaliq-uz-Zaman Road, Near Lilly Bridge, Clifton, Karachi. +92-21-99206452-53",Covers up to 100% tuition fees and provides monthly stipend for eligible low-income students at Shaheed Zulfiqar Ali Bhutto University of Law.,"Computer Science,Software Engineering,Business Administration,Electrical Engineering,Mechanical Engineering,Civil Engineering,Data Science,Artificial Intelligence","HEC Need-Based Scholarship,USAID Merit and Needs-Based Scholarship,University Financial Aid"
uni_185,Shifa Tameer-e-Millat University,Shifa Tameer-e-Millat University,Islamabad,Islamabad Capital Territory,Private,2012,http://www.stmu.edu.pk/,https://www.hec.gov.pk/Style%20Library/HEC/images/Placeholder-Image-Content.png,,350000,True,False,"Shifa Tameer-e-Millat University Pitras Bukhari Road, H-8/4 Islamabad 44000 Pakistan +92-51-8464214, +92-51-8464215 +92-51-4863264",Covers up to 100% tuition fees and provides monthly stipend for eligible low-income students at Shifa Tameer-e-Millat University.,"Computer Science,Software Engineering,Business Administration,Electrical Engineering,Mechanical Engineering,Civil Engineering,Data Science,Artificial Intelligence,Medicine","HEC Need-Based Scholarship,University Financial Aid"
uni_186,"Shuhada-e-Army Public School University of Technology, Nowshera","Shuhada-e-Army Public School University of Technology, Nowshera",Nowshehra,Khyber Pakhtunkhwa,Public,2015,http://uotnowshera.edu.pk/,https://www.hec.gov.pk/english/universities/PublishingImages/Placeholder-Image-Content.png,,105000,True,True,"Ex-Adamjee Paper and Board Mills, Amangarh, Nowshera. 24100 Phone: 0923-560301","Covers up to 100% tuition fees and provides monthly stipend for eligible low-income students at Shuhada-e-Army Public School University of Technology, Nowshera.","Pharmacy,Medicine,Computer Science,Electrical Engineering,Software Engineering,Robotics,Civil Engineering,Data Science,Mechatronics,Artificial Intelligence,Mechanical Engineering,Business Administration","HEC Need-Based Scholarship,USAID Merit and Needs-Based Scholarship,University Financial Aid"
uni_187,"Sindh Agriculture University, Tandojam","Sindh Agriculture University, Tandojam",Hyderabad,Sindh,Public,1977,http://www.sau.edu.pk,https://www.hec.gov.pk/Style%20Library/HEC/images/Placeholder-Image-Content.png,,45000,True,True,"Mirpurkhas-Hyderabad Dual Carriageway, TandoJam, Pakistan. +92-22-2765869, +92-22-2766523","Covers up to 100% tuition fees and provides monthly stipend for eligible low-income students at Sindh Agriculture University, Tandojam.","Agronomy,Veterinary Medicine,Food Science,Environmental Science,Biotechnology","HEC Need-Based Scholarship,USAID Merit and Needs-Based Scholarship,University Financial Aid"
uni_188,Sindh Institute of Management & Technology,Sindh Institute of Management & Technology,Karachi,Sindh,Private,2015,http://www.simat.edu.pk,https://www.hec.gov.pk/english/universities/PublishingImages/SIMAT%20Karachi.jpeg,,350000,True,False,"ST-25 , Block 14, Gulistan-e-Johar, Karachi. +92-21-34184407, +92-21-34184407, +92-21-34184409 +92-21-34184409-10",Covers up to 100% tuition fees and provides monthly stipend for eligible low-income students at Sindh Institute of Management & Technology.,"Computer Science,Electrical Engineering,Software Engineering,Robotics,Civil Engineering,Mechatronics,Mechanical Engineering,Business Administration","HEC Need-Based Scholarship,University Financial Aid"
uni_189,Sindh Institute of Medical Sciences,Sindh Institute of Medical Sciences,Karachi,Sindh,Private,2009,http://www.siut.org,https://www.hec.gov.pk/english/universities/PublishingImages/SUIT%20Karachi.png,,350000,True,False,"Civil Hospital Karachi 74200. +92-21-32730351, +92-21-32730387",Covers up to 100% tuition fees and provides monthly stipend for eligible low-income students at Sindh Institute of Medical Sciences.,"MBBS,BDS,Pharmacy,Nursing,Biotechnology,Public Health","HEC Need-Based Scholarship,University Financial Aid"
uni_190,Sindh Madresatul Islam University,Sindh Madresatul Islam University,Karachi,Sindh,Public,2011,http://www.smiu.edu.pk,https://www.hec.gov.pk/Style%20Library/HEC/images/JPA_1458.jpg,,81000,True,True,"Aiwan-e-Tijarat Road, Karachi +92-21-99211274, +92-21-99211275",Covers up to 100% tuition fees and provides monthly stipend for eligible low-income students at Sindh Madresatul Islam University.,"Computer Science,Software Engineering,Business Administration,Electrical Engineering,Mechanical Engineering,Civil Engineering,Data Science,Artificial Intelligence","HEC Need-Based Scholarship,USAID Merit and Needs-Based Scholarship,University Financial Aid"
uni_191,"Sir Syed (CASE) Institute of Technology, Islamabad","Sir Syed (CASE) Institute of Technology, Islamabad",Islamabad,Islamabad Capital Territory,Private,2018,https://case.edu.pk/,https://www.hec.gov.pk/english/universities/PublishingImages/Sir%20Syed%20Case%20Institute.jpg,,350000,True,False,"Sir Syed (CASE) Institute of Technology Block A, Multi Garden, Sector B-17, Islamabad, Pakistan. Tel # +92-51-5203473 Email: registrar@case.edu.pk","Covers up to 100% tuition fees and provides monthly stipend for eligible low-income students at Sir Syed (CASE) Institute of Technology, Islamabad.","Medicine,Computer Science,Electrical Engineering,Software Engineering,Robotics,Civil Engineering,Data Science,Mechatronics,Artificial Intelligence,Mechanical Engineering,Business Administration","HEC Need-Based Scholarship,University Financial Aid"
uni_192,Sir Syed University of Engineering & Technology,Sir Syed University of Engineering & Technology,Karachi,Sindh,Private,1995,http://www.ssuet.edu.pk,https://www.hec.gov.pk/Style%20Library/HEC/images/Placeholder-Image-Content.png,,350000,True,False,"University Road, Karachi-75300. +92-21-34988777, +92-21-34988000, +92-21-234988000 +92-21-534980072",Covers up to 100% tuition fees and provides monthly stipend for eligible low-income students at Sir Syed University of Engineering & Technology.,"Pharmacy,Medicine,Computer Science,Electrical Engineering,Software Engineering,Robotics,Civil Engineering,Data Science,Mechatronics,Artificial Intelligence,Mechanical Engineering,Business Administration","HEC Need-Based Scholarship,University Financial Aid"
uni_193,"Sohail University, Karachi","Sohail University, Karachi",Karachi,Sindh,Private,2018,http://www.sohailuniversity.edu.pk,"https://www.hec.gov.pk/english/universities/PublishingImages/Sindh/Sohail%20University,%20Karachi.png",,350000,True,False,"Sohail University, 22-23 Shaheed-e-Millat Road, Karachi-Sindh Pakistan Tel # +92-21-34931886-9 Email: baqarnawab@hotmail.com","Covers up to 100% tuition fees and provides monthly stipend for eligible low-income students at Sohail University, Karachi.","Computer Science,Software Engineering,Business Administration,Electrical Engineering,Mechanical Engineering","HEC Need-Based Scholarship,University Financial Aid"
uni_194,Sukkur Institute of Business Administration,Sukkur Institute of Business Administration,Sukkur,Sindh,Public,2006,http://www.iba-suk.edu.pk,https://www.hec.gov.pk/Style%20Library/HEC/images/Placeholder-Image-Content.png,,57000,True,True,"Main Campus, Airport Road, Sukkur +92-71-5804420",Covers up to 100% tuition fees and provides monthly stipend for eligible low-income students at Sukkur Institute of Business Administration.,"Computer Science,Software Engineering,Business Administration,Electrical Engineering,Mechanical Engineering,Civil Engineering","HEC Need-Based Scholarship,USAID Merit and Needs-Based Scholarship,University Financial Aid"
uni_195,Textile Institute of Pakistan,Textile Institute of Pakistan,Karachi,Sindh,Private,2001,http://www.tip.edu.pk,https://www.hec.gov.pk/Style%20Library/HEC/images/Placeholder-Image-Content.png,,350000,True,False,"Main Campus: EZ/I/P-8, Eastern Zone, Bin Qasim, Karachi. +92-21-38109641-7, +92-21-38109659",Covers up to 100% tuition fees and provides monthly stipend for eligible low-income students at Textile Institute of Pakistan.,"Computer Science,Software Engineering,Business Administration,Electrical Engineering,Mechanical Engineering,Civil Engineering,Data Science","HEC Need-Based Scholarship,University Financial Aid"
uni_196,"Thal University, Bhakkar","Thal University, Bhakkar",Bhakkar,Punjab,Public,2022,https://tu.edu.pk/,https://www.hec.gov.pk/english/universities/PublishingImages/Thal%20University%20Bhakkar.png,,81000,True,True,"University Road, Bhakkar-Punjab Tel # 0092-453-9200070 Email: info@tu.edu.pk","Covers up to 100% tuition fees and provides monthly stipend for eligible low-income students at Thal University, Bhakkar.","Computer Science,Software Engineering,Business Administration,Electrical Engineering,Mechanical Engineering,Civil Engineering,Data Science,Artificial Intelligence","HEC Need-Based Scholarship,USAID Merit and Needs-Based Scholarship,University Financial Aid"
uni_197,The Azad Jammu & Kashmir University of Bhimber,The Azad Jammu & Kashmir University of Bhimber,Bhimber,Azad Jammu & Kashmir,Public,2023,https://ajkuob.edu.pk/,https://www.hec.gov.pk/english/universities/PublishingImages/University%20of%20Bhimber.jpg,,93000,True,True,"University of Bhimber,  Bhimber, Azad State of Jammu & Kashmir. Tel # 058289-20235, 058289-60015 Email: registrar@ajkuob.edu.pk",Covers up to 100% tuition fees and provides monthly stipend for eligible low-income students at The Azad Jammu & Kashmir University of Bhimber.,"Computer Science,Software Engineering,Business Administration,Electrical Engineering,Mechanical Engineering,Civil Engineering,Data Science,Artificial Intelligence,Medicine","HEC Need-Based Scholarship,USAID Merit and Needs-Based Scholarship,University Financial Aid"
uni_198,"The Bolan University of Medical and Health Sciences, Quetta","The Bolan University of Medical and Health Sciences, Quetta",Quetta,Balochistan,Public,2017,http://www.bumhs.edu.pk,https://www.hec.gov.pk/english/universities/PublishingImages/Bolan%20University%20Quetta.png,,105000,True,True,"The Bolan University of Medical & Health Sciences.  Brewery Road  (87300), Quetta Balochistan, Pakistan Tel # +92-81-9213070 Email: registrar@bumhs.edu.pk","Covers up to 100% tuition fees and provides monthly stipend for eligible low-income students at The Bolan University of Medical and Health Sciences, Quetta.","MBBS,BDS,Pharmacy,Nursing,Biotechnology,Public Health","HEC Need-Based Scholarship,USAID Merit and Needs-Based Scholarship,University Financial Aid"
uni_199,"The Grand Asian University, Sialkot","The Grand Asian University, Sialkot",Sialkot,Punjab,Private,2021,https://gaus.edu.pk/,"https://www.hec.gov.pk/english/universities/PublishingImages/Grand%20Asian%20University,%20Sialkot.jpg",,350000,False,False,"7 KM, Pasrur Road, Sialkot Punjab Pakistan. Tel # 0092-52-3310617-18-19-20 Email: info@gaus.edu.pk","Covers up to 100% tuition fees and provides monthly stipend for eligible low-income students at The Grand Asian University, Sialkot.","Computer Science,Software Engineering,Business Administration,Electrical Engineering,Mechanical Engineering",University Financial Aid
uni_200,"The Green International University, Lahore","The Green International University, Lahore",Lahore,Punjab,Private,2020,https://www.giu.edu.pk/,https://www.hec.gov.pk/english/universities/PublishingImages/Green%20International%20University.png,,350000,True,False,"Bhubtain chowk, Bhobtian Lahore, Punjab Pakistan Tel # +92-042-35459807 Email: info@giu.edu.pk","Covers up to 100% tuition fees and provides monthly stipend for eligible low-income students at The Green International University, Lahore.","Computer Science,Software Engineering,Business Administration,Electrical Engineering,Mechanical Engineering,Civil Engineering","HEC Need-Based Scholarship,University Financial Aid"
uni_201,"The Shaikh Ayaz University, Shikarpur Sindh","The Shaikh Ayaz University, Shikarpur Sindh",Shikarpur,Sindh,Public,2018,https://saus.edu.pk/,https://www.hec.gov.pk/english/universities/PublishingImages/Shaikh%20Ayaz%20University.png,,69000,True,True,"Shikarpur, Sindh","Covers up to 100% tuition fees and provides monthly stipend for eligible low-income students at The Shaikh Ayaz University, Shikarpur Sindh.","Computer Science,Software Engineering,Business Administration,Electrical Engineering,Mechanical Engineering,Civil Engineering,Data Science","HEC Need-Based Scholarship,USAID Merit and Needs-Based Scholarship,University Financial Aid"
uni_202,"The Sindh Institute of Physical Medicine and Rehabilitation, Karachi","The Sindh Institute of Physical Medicine and Rehabilitation, Karachi",Karachi,Sindh,Public,2007,https://sipmr.edu.pk/,"The Sindh Institute of Physical Medicine and Rehabilitation, Karachi",,81000,True,True,"Sindh Institute of Physical Medicine and Rehabilitation, Opposite SIUT, Near Mujahid Masjid, Chand Bibi Road, South Karachi, Sindh – 74200 (021) 99216212-13-14","Covers up to 100% tuition fees and provides monthly stipend for eligible low-income students at The Sindh Institute of Physical Medicine and Rehabilitation, Karachi.","Computer Science,Software Engineering,Business Administration,Electrical Engineering,Mechanical Engineering,Civil Engineering,Data Science,Artificial Intelligence","HEC Need-Based Scholarship,USAID Merit and Needs-Based Scholarship,University Financial Aid"
uni_203,"The Superior University, Lahore","The Superior University, Lahore",Lahore,Punjab,Private,2004,http://www.superior.edu.pk/,https://www.hec.gov.pk/english/universities/PublishingImages/University_logo-01.png,,350000,True,False,"17 K.M Raiwind Road, Lahore. +92-42-35330361-3, +92-42 381 03777","Covers up to 100% tuition fees and provides monthly stipend for eligible low-income students at The Superior University, Lahore.","Computer Science,Software Engineering,Business Administration,Electrical Engineering,Mechanical Engineering,Civil Engineering,Data Science,Artificial Intelligence,Medicine","HEC Need-Based Scholarship,University Financial Aid"
uni_204,The University of Agriculture,The University of Agriculture,Dera Ismail Khan,Khyber Pakhtunkhwa,Public,2018,https://www.uad.edu.pk/,https://www.hec.gov.pk/english/universities/PublishingImages/Agri%20University%20D.%20I.%20Khan.jpg,,105000,True,True,"Near Baahoo Flour Mill, Bhakkar Road, Dera Ismail Khan Khyber Pakhtunkhwa, Pakistan Tel # +92-966 851545 Email: info@uad.edu.pk",Covers up to 100% tuition fees and provides monthly stipend for eligible low-income students at The University of Agriculture.,"Agronomy,Veterinary Medicine,Food Science,Environmental Science,Biotechnology","HEC Need-Based Scholarship,USAID Merit and Needs-Based Scholarship,University Financial Aid"
uni_205,"The University of Agriculture, Swat","The University of Agriculture, Swat",Swat,Khyber Pakhtunkhwa,Public,2020,https://www.uoas.edu.pk/,https://www.hec.gov.pk/english/universities/PublishingImages/UOA%20Swat-%20LOGO.png,,45000,True,True,"The University of Agriculture, Swat-Khyber Pakhunkhwa Tel # 0092-946-811888 Email: registrar@uoas.edu.pk","Covers up to 100% tuition fees and provides monthly stipend for eligible low-income students at The University of Agriculture, Swat.","Agronomy,Veterinary Medicine,Food Science,Environmental Science,Biotechnology","HEC Need-Based Scholarship,USAID Merit and Needs-Based Scholarship,University Financial Aid"
uni_206,The University of Faisalabad,The University of Faisalabad,Faisalabad,Punjab,Private,2003,http://www.tuf.edu.pk/,https://www.hec.gov.pk/Style%20Library/HEC/images/Placeholder-Image-Content.png,,350000,True,False,"4-KM Sargodha Road, Faisalabad. +92-41-8868326-30, +92-41-8869358, +92-41-8754396",Covers up to 100% tuition fees and provides monthly stipend for eligible low-income students at The University of Faisalabad.,"Computer Science,Software Engineering,Business Administration,Electrical Engineering,Mechanical Engineering,Civil Engineering","HEC Need-Based Scholarship,University Financial Aid"
uni_207,The Women University,The Women University,Multan,Punjab,Public,2010,http://www.wum.edu.pk/,https://www.hec.gov.pk/Style%20Library/HEC/images/Placeholder-Image-Content.png,,69000,True,True,"Katchery campus. LMQ Road, Multan. +92-61-9200811",Covers up to 100% tuition fees and provides monthly stipend for eligible low-income students at The Women University.,"Computer Science,Software Engineering,Business Administration,Electrical Engineering,Mechanical Engineering,Civil Engineering,Data Science","HEC Need-Based Scholarship,USAID Merit and Needs-Based Scholarship,University Financial Aid"
uni_208,"Times Institute, Multan","Times Institute, Multan",Multan,Punjab,Private,2020,https://www.t.edu.pk/,https://www.hec.gov.pk/english/universities/PublishingImages/Times%20Institute.png,,350000,True,False,"Main Road, Peer Khursheed Colony, Multan, Punjab Pakistan Tel: +92-61-6222951-3 UAN: +92-348-111-3330 Email: info@t.edu.pk","Covers up to 100% tuition fees and provides monthly stipend for eligible low-income students at Times Institute, Multan.","Computer Science,Software Engineering,Business Administration,Electrical Engineering,Mechanical Engineering,Civil Engineering,Data Science,Artificial Intelligence","HEC Need-Based Scholarship,University Financial Aid"
uni_209,"UIT University, Karachi","UIT University, Karachi",Karachi,Sindh,Private,2018,https://www.uitu.edu.pk,https://www.hec.gov.pk/english/universities/PublishingImages/UITU%20Logo.png,,350000,True,False,"Street # 13, Abul Hasan Isphahani Road, Block # 7, Gulshan-e-Iqbal, Karachi. Tel # 0092-21-34994305 Email: info@uituniversity.edu.pk","Covers up to 100% tuition fees and provides monthly stipend for eligible low-income students at UIT University, Karachi.","Computer Science,Software Engineering,Business Administration,Electrical Engineering,Mechanical Engineering,Civil Engineering,Data Science,Artificial Intelligence,Medicine","HEC Need-Based Scholarship,University Financial Aid"
uni_210,University of Agriculture,University of Agriculture,Faisalabad,Punjab,Public,1973,http://www.uaf.edu.pk/,https://www.hec.gov.pk/Style%20Library/HEC/images/Placeholder-Image-Content.png,19,105000,True,True,"University of Agriculture University Main Rd? Faisalabad, Pakistan. +92-41-9200200, +92-419200161",Covers up to 100% tuition fees and provides monthly stipend for eligible low-income students at University of Agriculture.,"Agronomy,Veterinary Medicine,Food Science,Environmental Science,Biotechnology","HEC Need-Based Scholarship,USAID Merit and Needs-Based Scholarship,University Financial Aid"
uni_211,University of Art and Culture,University of Art and Culture,Jamshoro,Sindh,Private,2018,http://uac.edu.pk,https://www.hec.gov.pk/english/universities/PublishingImages/UAC%20Jamshoro.jpg,19,350000,True,False,Jamshoro Sindh-Pakistan Tel: +92-333-2777550 Email: info@uac.edu.pk,Covers up to 100% tuition fees and provides monthly stipend for eligible low-income students at University of Art and Culture.,"Computer Science,Software Engineering,Business Administration,Electrical Engineering,Mechanical Engineering","HEC Need-Based Scholarship,University Financial Aid"
uni_212,University of Azad Jammu & Kashmir,University of Azad Jammu & Kashmir,Muzaffarabad,Azad Jammu & Kashmir,Public,1985,http://www.ajku.edu.pk/,https://www.hec.gov.pk/Style%20Library/HEC/images/Placeholder-Image-Content.png,19,57000,True,True,Challa campus Muzafarabad.13100 (AJK) +92-5822-960479,Covers up to 100% tuition fees and provides monthly stipend for eligible low-income students at University of Azad Jammu & Kashmir.,"Computer Science,Software Engineering,Business Administration,Electrical Engineering,Mechanical Engineering,Civil Engineering","HEC Need-Based Scholarship,USAID Merit and Needs-Based Scholarship,University Financial Aid"
uni_213,University of Balochistan,University of Balochistan,Quetta,Balochistan,Public,1970,http://www.uob.edu.pk,https://www.hec.gov.pk/english/universities/PublishingImages/UoB%20Quetta.jfif,19,69000,True,True,"Sariab Road, Quetta. +9281-9211288",Covers up to 100% tuition fees and provides monthly stipend for eligible low-income students at University of Balochistan.,"Computer Science,Software Engineering,Business Administration,Electrical Engineering,Mechanical Engineering,Civil Engineering,Data Science","HEC Need-Based Scholarship,USAID Merit and Needs-Based Scholarship,University Financial Aid"
uni_214,"University of Baltistan, Skardu","University of Baltistan, Skardu",Skardu,Gilgit Baltistan,Public,2017,http://www.uobs.edu.pk,https://www.hec.gov.pk/english/universities/PublishingImages/University%20of%20Baltistan.jpg,19,81000,True,True,"Kargil Road, Skardu-Pakistan Ph: +92-05815-960070, 05815-960061 Fax: +92-05815-960256","Covers up to 100% tuition fees and provides monthly stipend for eligible low-income students at University of Baltistan, Skardu.","Computer Science,Software Engineering,Business Administration,Electrical Engineering,Mechanical Engineering,Civil Engineering,Data Science,Artificial Intelligence","HEC Need-Based Scholarship,USAID Merit and Needs-Based Scholarship,University Financial Aid"
uni_215,University of Buner,University of Buner,Bunair,Khyber Pakhtunkhwa,Public,2016,https://www.ubuner.edu.pk/,https://www.hec.gov.pk/english/universities/PublishingImages/University%20of%20Buner.png,19,93000,True,True,"University of Buner Sowari, Buner, Khyber Pakhtunkhwa Tel # +92-939-555211, 555438 Email: registrar@ubuner.edu.pk",Covers up to 100% tuition fees and provides monthly stipend for eligible low-income students at University of Buner.,"Computer Science,Software Engineering,Business Administration,Electrical Engineering,Mechanical Engineering,Civil Engineering,Data Science,Artificial Intelligence,Medicine","HEC Need-Based Scholarship,USAID Merit and Needs-Based Scholarship,University Financial Aid"
uni_216,University of Central Punjab,University of Central Punjab,Lahore,Punjab,Private,2002,http://www.ucp.edu.pk/,https://www.hec.gov.pk/Style%20Library/HEC/images/Placeholder-Image-Content.png,19,350000,True,False,"Khayaban-e-Jinnah Road, Johar Town, Lahore. +92-42-35954890, +92-42-35880007, +92-42-35870689",Covers up to 100% tuition fees and provides monthly stipend for eligible low-income students at University of Central Punjab.,"Computer Science,Software Engineering,Business Administration,Electrical Engineering,Mechanical Engineering,Civil Engineering,Data Science,Artificial Intelligence,Medicine,Pharmacy","HEC Need-Based Scholarship,University Financial Aid"
uni_217,"University of Chakwal, Chakwal","University of Chakwal, Chakwal",Chakwal,Punjab,Public,2020,http://uoc.edu.pk,https://www.hec.gov.pk/english/universities/PublishingImages/University%20of%20Chakwal.png,19,45000,True,True,Chakwal Punjab-Pakistan Tel # +92-0543-555087 Email: registrar@uoc.edu.pk,"Covers up to 100% tuition fees and provides monthly stipend for eligible low-income students at University of Chakwal, Chakwal.","Computer Science,Software Engineering,Business Administration,Electrical Engineering,Mechanical Engineering","HEC Need-Based Scholarship,USAID Merit and Needs-Based Scholarship,University Financial Aid"
uni_218,"University of Chenab, Gujrat","University of Chenab, Gujrat",Gujrat,Punjab,Private,2021,https://uchenab.edu.pk/,"https://www.hec.gov.pk/english/universities/PublishingImages/Pages/Punjab/University-of-Chenab,-Gujrat/Logo%20of%20Uni%20of%20Chenab.jpg",19,350000,False,False,"G.T. Road, adjacent Chenab Bridge, Gujrat, Punjab-Pakistan. Ph:- (+92) 053 111 243 622 Email: info@uchenab.edu.pk","Covers up to 100% tuition fees and provides monthly stipend for eligible low-income students at University of Chenab, Gujrat.","Computer Science,Software Engineering,Business Administration,Electrical Engineering,Mechanical Engineering,Civil Engineering",University Financial Aid
uni_219,"University of Child Health Sciences, Lahore","University of Child Health Sciences, Lahore",Lahore,Punjab,Public,2021,http://www.chich.edu.pk,https://www.hec.gov.pk/english/universities/PublishingImages/Child%20Health%20Sciences%20University.jpg,19,69000,True,True,"Ferozpur Road, Lahore. Tel # 0092-42-99230901 Email: info@chich.edu.pk","Covers up to 100% tuition fees and provides monthly stipend for eligible low-income students at University of Child Health Sciences, Lahore.","MBBS,BDS,Pharmacy,Nursing,Biotechnology,Public Health","HEC Need-Based Scholarship,USAID Merit and Needs-Based Scholarship,University Financial Aid"
uni_220,University of Chitral,University of Chitral,Chitral,Khyber Pakhtunkhwa,Public,2019,http://www.uoch.edu.pk,https://www.hec.gov.pk/english/universities/PublishingImages/University%20of%20chitral.jpg,19,81000,True,True,"University of Chitral Seen, Lasht Chitral, Khyber Pakhtunkhwa Tel # +92-943-412401 Email: registrar@uoch.edu.pk",Covers up to 100% tuition fees and provides monthly stipend for eligible low-income students at University of Chitral.,"Computer Science,Software Engineering,Business Administration,Electrical Engineering,Mechanical Engineering,Civil Engineering,Data Science,Artificial Intelligence","HEC Need-Based Scholarship,USAID Merit and Needs-Based Scholarship,University Financial Aid"
uni_221,University of Education,University of Education,Lahore,Punjab,Public,2002,http://www.ue.edu.pk/,https://www.hec.gov.pk/Style%20Library/HEC/images/Placeholder-Image-Content.png,19,93000,True,True,"College Road, Township, Lahore. +92-42-99262223-4",Covers up to 100% tuition fees and provides monthly stipend for eligible low-income students at University of Education.,"Computer Science,Software Engineering,Business Administration,Electrical Engineering,Mechanical Engineering,Civil Engineering,Data Science,Artificial Intelligence,Medicine","HEC Need-Based Scholarship,USAID Merit and Needs-Based Scholarship,University Financial Aid"
uni_222,"University of Engineering & Applied Sciences, Swat","University of Engineering & Applied Sciences, Swat",Swat,Khyber Pakhtunkhwa,Public,2021,https://ueas.edu.pk/,https://www.hec.gov.pk/english/universities/PublishingImages/Pages/Logo%20UEAS.png,19,105000,True,True,"Street 20, Sector D, Kanju Township, District Swat, Khyber Pakhtunkhwa.  Phone : +92 946 613289 +92 (0946)-613282 Email: info@ueas.edu.pk","Covers up to 100% tuition fees and provides monthly stipend for eligible low-income students at University of Engineering & Applied Sciences, Swat.","Pharmacy,Medicine,Computer Science,Electrical Engineering,Software Engineering,Robotics,Civil Engineering,Data Science,Mechatronics,Artificial Intelligence,Mechanical Engineering,Business Administration","HEC Need-Based Scholarship,USAID Merit and Needs-Based Scholarship,University Financial Aid"
uni_223,University of Engineering & Technology,University of Engineering & Technology,Peshawar,Khyber Pakhtunkhwa,Public,1980,http://www.uetpeshawar.edu.pk/,./Universities University of Engineering & Technology_files/Placeholder-Image-Content.png,19,45000,True,True,"Post Box No. 814, Peshawar. +92-91-9216493",Covers up to 100% tuition fees and provides monthly stipend for eligible low-income students at University of Engineering & Technology.,"Computer Science,Electrical Engineering,Software Engineering,Robotics,Civil Engineering,Mechatronics,Mechanical Engineering,Business Administration","HEC Need-Based Scholarship,USAID Merit and Needs-Based Scholarship,University Financial Aid"
uni_224,University of Engineering & Technology (2),University of Engineering & Technology (2),Lahore,Punjab,Public,1974,http://www.uet.edu.pk/,https://www.hec.gov.pk/english/universities/PublishingImages/UET%20Lahore.png,19,57000,True,True,"GT Road, Lahore-Pakistan Email: registrar@uet.edu.pk Tel # 0092-42-99029216, 042-99029452",Covers up to 100% tuition fees and provides monthly stipend for eligible low-income students at University of Engineering & Technology (2).,"Computer Science,Electrical Engineering,Software Engineering,Robotics,Civil Engineering,Mechatronics,Mechanical Engineering,Business Administration","HEC Need-Based Scholarship,USAID Merit and Needs-Based Scholarship,University Financial Aid"
uni_225,"University of Engineering & Technology (UET), Mardan","University of Engineering & Technology (UET), Mardan",Mardan,Khyber Pakhtunkhwa,Public,2018,http://www.uetmardan.edu.pk,https://www.hec.gov.pk/english/universities/PublishingImages/UET%20Mardan.png,19,69000,True,True,"University of Engineering & Technology (UET), Mardan Phone: +92-937-9230295 Fax: +92-937-9230296 Email: Registrar@uetmardan.edu.pk","Covers up to 100% tuition fees and provides monthly stipend for eligible low-income students at University of Engineering & Technology (UET), Mardan.","Computer Science,Electrical Engineering,Software Engineering,Robotics,Civil Engineering,Data Science,Mechatronics,Mechanical Engineering,Business Administration","HEC Need-Based Scholarship,USAID Merit and Needs-Based Scholarship,University Financial Aid"
uni_226,"University of Engineering & Technology, Taxila","University of Engineering & Technology, Taxila",Rawalpindi,Punjab,Public,1994,http://www.uettaxila.edu.pk/,https://www.hec.gov.pk/Style%20Library/HEC/images/Placeholder-Image-Content.png,19,81000,True,True,"University of Engg. & Technology (UET) Taxila. +92-51-9047403, +92-51-9047400","Covers up to 100% tuition fees and provides monthly stipend for eligible low-income students at University of Engineering & Technology, Taxila.","Computer Science,Electrical Engineering,Software Engineering,Robotics,Civil Engineering,Data Science,Mechatronics,Artificial Intelligence,Mechanical Engineering,Business Administration","HEC Need-Based Scholarship,USAID Merit and Needs-Based Scholarship,University Financial Aid"
uni_227,University of FATA,University of FATA,Kohat,Khyber Pakhtunkhwa,Public,2013,https://www.fu.edu.pk/,https://www.hec.gov.pk/english/universities/PublishingImages/Fata%20University.jfif,19,93000,True,True,"Govt Degree College Darra Adam Khel Akhurwal F.R Kohat, N-55, KPK-Pakistan. Email: info@fu.edu.pk Tel # +92-91-9218182, 92 91 588 5502",Covers up to 100% tuition fees and provides monthly stipend for eligible low-income students at University of FATA.,"Computer Science,Software Engineering,Business Administration,Electrical Engineering,Mechanical Engineering,Civil Engineering,Data Science,Artificial Intelligence,Medicine","HEC Need-Based Scholarship,USAID Merit and Needs-Based Scholarship,University Financial Aid"
uni_228,University of Gujrat,University of Gujrat,Gujrat,Punjab,Public,2004,http://www.uog.edu.pk/,https://www.hec.gov.pk/Style%20Library/HEC/images/uog.jpg,19,105000,True,True,"Camp Office, Fawara Chowk, Gujrat. +92-53-364334",Covers up to 100% tuition fees and provides monthly stipend for eligible low-income students at University of Gujrat.,"Computer Science,Software Engineering,Business Administration,Electrical Engineering,Mechanical Engineering,Civil Engineering,Data Science,Artificial Intelligence,Medicine,Pharmacy","HEC Need-Based Scholarship,USAID Merit and Needs-Based Scholarship,University Financial Aid"
uni_229,University of Gwadar,University of Gwadar,Gawadar,Balochistan,Public,2018,https://ug.edu.pk/,https://www.hec.gov.pk/english/universities/PublishingImages/University%20of%20Gwadar.jfif,19,45000,True,True,"Sarawan Avenue, New Town, Phase IV Gwadar Balochistan. Tel # +92-86-4411380-81, 86-4411222 Email: registrar@ug.edu.pk",Covers up to 100% tuition fees and provides monthly stipend for eligible low-income students at University of Gwadar.,"Computer Science,Software Engineering,Business Administration,Electrical Engineering,Mechanical Engineering","HEC Need-Based Scholarship,USAID Merit and Needs-Based Scholarship,University Financial Aid"
uni_230,University of Haripur,University of Haripur,Haripur,Khyber Pakhtunkhwa,Public,2012,http://www.uoh.edu.pk/,https://www.hec.gov.pk/Style%20Library/HEC/images/Placeholder-Image-Content.png,19,57000,True,True,"Hattar Road, Near Swat Chowk, Tehsil & District Haripur. +92-995-615393",Covers up to 100% tuition fees and provides monthly stipend for eligible low-income students at University of Haripur.,"Computer Science,Software Engineering,Business Administration,Electrical Engineering,Mechanical Engineering,Civil Engineering","HEC Need-Based Scholarship,USAID Merit and Needs-Based Scholarship,University Financial Aid"
uni_231,University of Health Sciences,University of Health Sciences,Lahore,Punjab,Public,2002,http://www.uhs.edu.pk/,https://www.hec.gov.pk/Style%20Library/HEC/images/Placeholder-Image-Content.png,19,69000,True,True,"Khayaban-e-Jamia Punjab,Lahore-54600 +92-42-99231304-09, +92-42-111-33-33-66",Covers up to 100% tuition fees and provides monthly stipend for eligible low-income students at University of Health Sciences.,"MBBS,BDS,Pharmacy,Nursing,Biotechnology,Public Health","HEC Need-Based Scholarship,USAID Merit and Needs-Based Scholarship,University Financial Aid"
uni_232,"University of Home Economics, Lahore","University of Home Economics, Lahore",Lahore,Punjab,Public,2017,https://uhe.edu.pk/,https://www.hec.gov.pk/english/universities/PublishingImages/University%20of%20Home%20Economics%20Lahore.jpg,19,81000,True,True,"Dr. Mateen Fatima Road, Gulberg II ,  Lahore Punjab-Pakistan Tel #+92-42-99263324 Email: registrar@uhe.edu.pk","Covers up to 100% tuition fees and provides monthly stipend for eligible low-income students at University of Home Economics, Lahore.","Computer Science,Software Engineering,Business Administration,Electrical Engineering,Mechanical Engineering,Civil Engineering,Data Science,Artificial Intelligence","HEC Need-Based Scholarship,USAID Merit and Needs-Based Scholarship,University Financial Aid"
uni_233,University of Jhang,University of Jhang,Jhang,Punjab,Public,2015,https://uoj.edu.pk/,https://www.hec.gov.pk/english/universities/PublishingImages/University%20of%20Jhang.jpg,19,93000,True,True,"12 Km Chiniot Road, Jhang Punjab, Pakistan Tel # +92-47-9200425 Email: info@uoj.edu.pk",Covers up to 100% tuition fees and provides monthly stipend for eligible low-income students at University of Jhang.,"Computer Science,Software Engineering,Business Administration,Electrical Engineering,Mechanical Engineering,Civil Engineering,Data Science,Artificial Intelligence,Medicine","HEC Need-Based Scholarship,USAID Merit and Needs-Based Scholarship,University Financial Aid"
uni_234,University of Karachi,University of Karachi,Karachi,Sindh,Public,1972,http://www.uok.edu.pk,https://www.hec.gov.pk/Style%20Library/HEC/images/Placeholder-Image-Content.png,19,105000,True,True,"University Road, Karachi 75270. +92-21-99261336-7",Covers up to 100% tuition fees and provides monthly stipend for eligible low-income students at University of Karachi.,"Computer Science,Software Engineering,Business Administration,Electrical Engineering,Mechanical Engineering,Civil Engineering,Data Science,Artificial Intelligence,Medicine,Pharmacy","HEC Need-Based Scholarship,USAID Merit and Needs-Based Scholarship,University Financial Aid"
uni_235,University of Kotli,University of Kotli,Kotli,Azad Jammu & Kashmir,Public,2014,https://www.uokajk.edu.pk,https://www.hec.gov.pk/english/universities/PublishingImages/University%20of%20Kotli.png,19,45000,True,True,"Kotli, Azad Jammu & Kashmir, Pakistan Tel # +92 5826 960044 Email: info@uokajk.edu.pk",Covers up to 100% tuition fees and provides monthly stipend for eligible low-income students at University of Kotli.,"Computer Science,Software Engineering,Business Administration,Electrical Engineering,Mechanical Engineering","HEC Need-Based Scholarship,USAID Merit and Needs-Based Scholarship,University Financial Aid"
uni_236,University of Lahore,University of Lahore,Lahore,Punjab,Private,2002,http://www.uol.edu.pk/,https://www.hec.gov.pk/Style%20Library/HEC/images/Placeholder-Image-Content.png,19,350000,True,False,"1-K.M, Raiwind Road, Lahore. +92-42-35963421-30",Covers up to 100% tuition fees and provides monthly stipend for eligible low-income students at University of Lahore.,"Computer Science,Software Engineering,Business Administration,Electrical Engineering,Mechanical Engineering,Civil Engineering","HEC Need-Based Scholarship,University Financial Aid"
uni_237,University of Lakki Marwat,University of Lakki Marwat,Lakki Marwat,Khyber Pakhtunkhwa,Public,2018,http://www.ulm.edu.pk,https://www.hec.gov.pk/english/universities/PublishingImages/University%20of%20Lakki%20Marwat-New%20logo.jpg,19,69000,True,True,"University of Lakki Marwat Mianwali Road, Lakki Marwat Khyber Pakhtunkhwa Pakistan Tel #   0092-969-511819 Email:   ulm_2017@outlook.com",Covers up to 100% tuition fees and provides monthly stipend for eligible low-income students at University of Lakki Marwat.,"Computer Science,Software Engineering,Business Administration,Electrical Engineering,Mechanical Engineering,Civil Engineering,Data Science","HEC Need-Based Scholarship,USAID Merit and Needs-Based Scholarship,University Financial Aid"
uni_238,University of Layyah,University of Layyah,Layyah,Punjab,Public,2022,https://ul.edu.pk/,https://www.hec.gov.pk/english/universities/PublishingImages/University%20of%20Layyah-.jfif,19,81000,True,True,"Katchehry Road, Layyah. Tel # +92-0606-920237-39,920249 Email: info@ul.edu.pk",Covers up to 100% tuition fees and provides monthly stipend for eligible low-income students at University of Layyah.,"Computer Science,Software Engineering,Business Administration,Electrical Engineering,Mechanical Engineering,Civil Engineering,Data Science,Artificial Intelligence","HEC Need-Based Scholarship,USAID Merit and Needs-Based Scholarship,University Financial Aid"
uni_239,University of Loralai,University of Loralai,Loralai,Balochistan,Public,2012,http://www.uoli.edu.pk/,https://www.hec.gov.pk/Style%20Library/HEC/images/Placeholder-Image-Content.png,19,93000,True,True,"College Road, Loralai at Loralai Zhob Division, Balochistan. +92-824-410782",Covers up to 100% tuition fees and provides monthly stipend for eligible low-income students at University of Loralai.,"Computer Science,Software Engineering,Business Administration,Electrical Engineering,Mechanical Engineering,Civil Engineering,Data Science,Artificial Intelligence,Medicine","HEC Need-Based Scholarship,USAID Merit and Needs-Based Scholarship,University Financial Aid"
uni_240,"University of Makran, Panjgur","University of Makran, Panjgur",Punjgur,Balochistan,Public,2024,https://uomp.edu.pk/,https://www.hec.gov.pk/english/universities/PublishingImages/University%20of%20Makran.jpeg,19,105000,True,True,"Panjgur District Panjgur, Balochistan-Pakistan Tel # 0092-855-642053 Email:  info@uomp.edu.pk","Covers up to 100% tuition fees and provides monthly stipend for eligible low-income students at University of Makran, Panjgur.","Computer Science,Software Engineering,Business Administration,Electrical Engineering,Mechanical Engineering,Civil Engineering,Data Science,Artificial Intelligence,Medicine,Pharmacy","HEC Need-Based Scholarship,USAID Merit and Needs-Based Scholarship,University Financial Aid"
uni_241,University of Malakand,University of Malakand,Malakand,Khyber Pakhtunkhwa,Public,2001,http://www.uom.edu.pk/,https://www.hec.gov.pk/Style%20Library/HEC/images/Placeholder-Image-Content.png,19,45000,True,True,"Chakdara, Dir, Lower, Malakand Khyber Pakhtunkhwa +92-945-763441",Covers up to 100% tuition fees and provides monthly stipend for eligible low-income students at University of Malakand.,"Computer Science,Software Engineering,Business Administration,Electrical Engineering,Mechanical Engineering","HEC Need-Based Scholarship,USAID Merit and Needs-Based Scholarship,University Financial Aid"
uni_242,University of Management & Technology,University of Management & Technology,Lahore,Punjab,Private,2004,http://www.umt.edu.pk/,https://www.hec.gov.pk/Style%20Library/HEC/images/umt02.jpg,19,350000,True,False,"PO Box 10033, CII, Johar Town, Lahore. +92-42-35184790",Covers up to 100% tuition fees and provides monthly stipend for eligible low-income students at University of Management & Technology.,"Computer Science,Electrical Engineering,Software Engineering,Robotics,Civil Engineering,Mechatronics,Mechanical Engineering,Business Administration","HEC Need-Based Scholarship,University Financial Aid"
uni_243,University of Mianwali,University of Mianwali,Mianwali,Punjab,Public,2019,https://umw.edu.pk/,https://www.hec.gov.pk/english/universities/PublishingImages/University%20of%20Mianwali.jpg,19,69000,True,True,"University of Mianwali, Punjab Pakistan",Covers up to 100% tuition fees and provides monthly stipend for eligible low-income students at University of Mianwali.,"Computer Science,Software Engineering,Business Administration,Electrical Engineering,Mechanical Engineering,Civil Engineering,Data Science","HEC Need-Based Scholarship,USAID Merit and Needs-Based Scholarship,University Financial Aid"
uni_244,University of Modern Sciences,University of Modern Sciences,Tando Muhammad  Khan,Sindh,Private,2018,http://ums.edu.pk/,https://www.hec.gov.pk/english/universities/PublishingImages/TUMS.png,19,350000,False,False,"Tando Muhammad Khan, Sindh-Pakistan Tel # +92 22 3409562-67 Email: info@ums.edu.pk",Covers up to 100% tuition fees and provides monthly stipend for eligible low-income students at University of Modern Sciences.,"Computer Science,Software Engineering,Business Administration,Electrical Engineering,Mechanical Engineering,Civil Engineering,Data Science,Artificial Intelligence",University Financial Aid
uni_245,University of Narowal,University of Narowal,Narowal,Punjab,Public,2018,http://uon.edu.pk,https://www.hec.gov.pk/english/universities/PublishingImages/University%20of%20Narowal.jpg,19,93000,True,True,"University of Narowal College Road, Narowal, Pakistan +92-542-920049 info@uon.edu.pk",Covers up to 100% tuition fees and provides monthly stipend for eligible low-income students at University of Narowal.,"Computer Science,Software Engineering,Business Administration,Electrical Engineering,Mechanical Engineering,Civil Engineering,Data Science,Artificial Intelligence,Medicine","HEC Need-Based Scholarship,USAID Merit and Needs-Based Scholarship,University Financial Aid"
uni_246,University of Okara,University of Okara,Okara,Punjab,Public,2016,http://uo.edu.pk/,https://www.hec.gov.pk/english/universities/PublishingImages/University%20of%20OKara.png,19,105000,True,True,"2 KM Multan Road Renala Khurd By Pass, Okara- Punjab Pakistan Tel # 0092-44-2636060 Email: info@uo.edu.pk",Covers up to 100% tuition fees and provides monthly stipend for eligible low-income students at University of Okara.,"Computer Science,Software Engineering,Business Administration,Electrical Engineering,Mechanical Engineering,Civil Engineering,Data Science,Artificial Intelligence,Medicine,Pharmacy","HEC Need-Based Scholarship,USAID Merit and Needs-Based Scholarship,University Financial Aid"
uni_247,University of Peshawar,University of Peshawar,Peshawar,Khyber Pakhtunkhwa,Public,1965,http://www.upesh.edu.pk/,https://www.hec.gov.pk/Style%20Library/HEC/images/Placeholder-Image-Content.png,19,45000,True,True,"Old Jamrud Road, Peshawar. +92-91-9216469",Covers up to 100% tuition fees and provides monthly stipend for eligible low-income students at University of Peshawar.,"Computer Science,Software Engineering,Business Administration,Electrical Engineering,Mechanical Engineering","HEC Need-Based Scholarship,USAID Merit and Needs-Based Scholarship,University Financial Aid"
uni_248,University of Poonch,University of Poonch,Poonch,Azad Jammu & Kashmir,Public,2014,http://www.upr.edu.pk,https://www.hec.gov.pk/Style%20Library/HEC/images/Placeholder-Image-Content.png,19,57000,True,True,"B-65, Housing Scheme, Rawalakot (Azad Kashmir) +92-5824-960050",Covers up to 100% tuition fees and provides monthly stipend for eligible low-income students at University of Poonch.,"Computer Science,Software Engineering,Business Administration,Electrical Engineering,Mechanical Engineering,Civil Engineering","HEC Need-Based Scholarship,USAID Merit and Needs-Based Scholarship,University Financial Aid"
uni_249,University of Sahiwal,University of Sahiwal,Sahiwal,Punjab,Public,2015,http://www.uosahiwal.edu.pk/,https://www.hec.gov.pk/english/universities/PublishingImages/University%20of%20Sahiwal.jpg,19,69000,True,True,"University of Sahiwal, Farid Town Road, Sahiwal Punjab Pakistan Tel # +92-40-9200430, Fax # +92-40-9200430 Email: uosahiwal@gmail.com",Covers up to 100% tuition fees and provides monthly stipend for eligible low-income students at University of Sahiwal.,"Computer Science,Software Engineering,Business Administration,Electrical Engineering,Mechanical Engineering,Civil Engineering,Data Science","HEC Need-Based Scholarship,USAID Merit and Needs-Based Scholarship,University Financial Aid"
uni_250,University of Sargodha,University of Sargodha,Sargodha,Punjab,Public,2002,http://www.uos.edu.pk/,https://www.hec.gov.pk/Style%20Library/HEC/images/Placeholder-Image-Content.png,19,81000,True,True,"Main Campus University Road, Sargodha. +92-48-9230170",Covers up to 100% tuition fees and provides monthly stipend for eligible low-income students at University of Sargodha.,"Computer Science,Software Engineering,Business Administration,Electrical Engineering,Mechanical Engineering,Civil Engineering,Data Science,Artificial Intelligence","HEC Need-Based Scholarship,USAID Merit and Needs-Based Scholarship,University Financial Aid"
uni_251,University of Science & Technology,University of Science & Technology,Bannu,Khyber Pakhtunkhwa,Public,2005,http://www.ustb.edu.pk/,https://www.hec.gov.pk/Style%20Library/HEC/images/Placeholder-Image-Content.png,19,93000,True,True,"Main Campus Township, Bannu. +92-928-633823, +92-928-633817-8",Covers up to 100% tuition fees and provides monthly stipend for eligible low-income students at University of Science & Technology.,"Medicine,Computer Science,Electrical Engineering,Software Engineering,Robotics,Civil Engineering,Data Science,Mechatronics,Artificial Intelligence,Mechanical Engineering,Business Administration","HEC Need-Based Scholarship,USAID Merit and Needs-Based Scholarship,University Financial Aid"
uni_252,"University of Sialkot, Sialkot","University of Sialkot, Sialkot",Sialkot,Punjab,Private,2018,http://www.uskt.edu.pk,https://www.hec.gov.pk/english/universities/PublishingImages/University%20of%20Sialkot.png,19,350000,False,False,"University of Sialkot 01-Km, Main Daska Road, Sailkot Pakistan Tel # +92-52-3575518-21 Email: info@uskt.edu.pk","Covers up to 100% tuition fees and provides monthly stipend for eligible low-income students at University of Sialkot, Sialkot.","Computer Science,Software Engineering,Business Administration,Electrical Engineering,Mechanical Engineering,Civil Engineering,Data Science,Artificial Intelligence,Medicine,Pharmacy",University Financial Aid
uni_253,University of Sindh,University of Sindh,Mirpur Khas,Sindh,Public,1972,http://www.usindh.edu.pk,https://www.hec.gov.pk/Style%20Library/HEC/images/Placeholder-Image-Content.png,19,45000,True,True,"Campus Rd, Jamshoro, Sindh +92-22-9213150, +92-22-9213155, +92-22-9213153",Covers up to 100% tuition fees and provides monthly stipend for eligible low-income students at University of Sindh.,"Computer Science,Software Engineering,Business Administration,Electrical Engineering,Mechanical Engineering","HEC Need-Based Scholarship,USAID Merit and Needs-Based Scholarship,University Financial Aid"
uni_254,University of South Asia,University of South Asia,Lahore,Punjab,Private,2005,http://www.usa.edu.pk/,https://www.hec.gov.pk/Style%20Library/HEC/images/Placeholder-Image-Content.png,19,350000,True,False,"47-Tufail Road, Lahore Cantt. +92-42-36672943, +92-42-366 50983, +92-42-36672942 +92-42-366 73394042, +92-42-36673701, +92-42-6672942",Covers up to 100% tuition fees and provides monthly stipend for eligible low-income students at University of South Asia.,"Computer Science,Software Engineering,Business Administration,Electrical Engineering,Mechanical Engineering,Civil Engineering","HEC Need-Based Scholarship,University Financial Aid"
uni_255,"University of Sufism and Modern Sciences, Bhitshah Sindh","University of Sufism and Modern Sciences, Bhitshah Sindh",Bhit Shah,Sindh,Public,2019,http://usms.edu.pk,https://www.hec.gov.pk/english/universities/PublishingImages/University%20of%20Sufism-Bhitshah.png,19,69000,True,True,"The University of Sufism and Modern Sciences,  Bhit Shah, Sindh. Tel # + 92 22 2762415 Fax # + 92 22 2762415 Email: info@usms.edu.pk","Covers up to 100% tuition fees and provides monthly stipend for eligible low-income students at University of Sufism and Modern Sciences, Bhitshah Sindh.","Computer Science,Software Engineering,Business Administration,Electrical Engineering,Mechanical Engineering,Civil Engineering,Data Science","HEC Need-Based Scholarship,USAID Merit and Needs-Based Scholarship,University Financial Aid"
uni_256,University of Swabi,University of Swabi,Swabi,Khyber Pakhtunkhwa,Public,2012,http://www.uoswabi.edu.pk/,https://www.hec.gov.pk/Style%20Library/HEC/images/Placeholder-Image-Content.png,19,81000,True,True,"Anbar Swabi, Ambar, KPK. +92-938-490238",Covers up to 100% tuition fees and provides monthly stipend for eligible low-income students at University of Swabi.,"Computer Science,Software Engineering,Business Administration,Electrical Engineering,Mechanical Engineering,Civil Engineering,Data Science,Artificial Intelligence","HEC Need-Based Scholarship,USAID Merit and Needs-Based Scholarship,University Financial Aid"
uni_257,University of Swat,University of Swat,Swat,Khyber Pakhtunkhwa,Public,2010,http://www.uswat.edu.pk/,https://www.hec.gov.pk/Style%20Library/HEC/images/Placeholder-Image-Content.png,19,93000,True,True,"G.T Road, Odigram, Swat, Khyber Pakhtunkhwa. +92-946-924 00060946, +92-946-724149",Covers up to 100% tuition fees and provides monthly stipend for eligible low-income students at University of Swat.,"Computer Science,Software Engineering,Business Administration,Electrical Engineering,Mechanical Engineering,Civil Engineering,Data Science,Artificial Intelligence,Medicine","HEC Need-Based Scholarship,USAID Merit and Needs-Based Scholarship,University Financial Aid"
uni_258,University of the Punjab,University of the Punjab,Lahore,Punjab,Public,1973,http://www.pu.edu.pk/,https://www.hec.gov.pk/english/universities/PublishingImages/University%20of%20Punjab.jpeg,19,105000,True,True,"Quaid-e-Azam Campus, Lahore. +92-42-99231098-9, +92-42-35840735",Covers up to 100% tuition fees and provides monthly stipend for eligible low-income students at University of the Punjab.,"Computer Science,Software Engineering,Business Administration,Electrical Engineering,Mechanical Engineering,Civil Engineering,Data Science,Artificial Intelligence,Medicine,Pharmacy","HEC Need-Based Scholarship,USAID Merit and Needs-Based Scholarship,University Financial Aid"
uni_259,University of Turbat,University of Turbat,Turbat,Balochistan,Public,2012,http://www.uot.edu.pk,https://www.hec.gov.pk/Style%20Library/HEC/images/Placeholder-Image-Content.png,19,45000,True,True,"Overseas Colony, Airport Road, Turbat Balochistan. +92-85-414498",Covers up to 100% tuition fees and provides monthly stipend for eligible low-income students at University of Turbat.,"Computer Science,Software Engineering,Business Administration,Electrical Engineering,Mechanical Engineering","HEC Need-Based Scholarship,USAID Merit and Needs-Based Scholarship,University Financial Aid"
uni_260,University of Veterinary & Animal Sciences,University of Veterinary & Animal Sciences,Lahore,Punjab,Public,2002,http://www.uvas.edu.pk/,https://www.hec.gov.pk/Style%20Library/HEC/images/Placeholder-Image-Content.png,19,57000,True,True,"Shaykh Abdul Qadir Jilani Roadd, Lahore 54000. +92-42-99211476, +92-42-99211374, +92-42-99211449",Covers up to 100% tuition fees and provides monthly stipend for eligible low-income students at University of Veterinary & Animal Sciences.,"Agronomy,Veterinary Medicine,Food Science,Environmental Science,Biotechnology","HEC Need-Based Scholarship,USAID Merit and Needs-Based Scholarship,University Financial Aid"
uni_261,University of Wah,University of Wah,Rawalpindi,Punjab,Private,2009,http://www.uw.edu.pk,https://www.hec.gov.pk/Style%20Library/HEC/images/UW%20Front%20Gate-IMG_3161.jpg,19,350000,True,False,"Quaid Avenue, The Mall. Wah Cantt. +92-51-4534993, +92-51-905522255, +92-51-905522256",Covers up to 100% tuition fees and provides monthly stipend for eligible low-income students at University of Wah.,"Computer Science,Software Engineering,Business Administration,Electrical Engineering,Mechanical Engineering,Civil Engineering,Data Science","HEC Need-Based Scholarship,University Financial Aid"
uni_262,Virtual University of Pakistan,Virtual University of Pakistan,Lahore,Punjab,Public,2002,http://www.vu.edu.pk/,https://www.hec.gov.pk/Style%20Library/HEC/images/Placeholder-Image-Content.png,,81000,True,True,"M.A. Jinnah Campus, Defence Road, Off Raiwind Road, Lahore. +92-42-99203901",Covers up to 100% tuition fees and provides monthly stipend for eligible low-income students at Virtual University of Pakistan.,"Computer Science,Software Engineering,Business Administration,Electrical Engineering,Mechanical Engineering,Civil Engineering,Data Science,Artificial Intelligence","HEC Need-Based Scholarship,USAID Merit and Needs-Based Scholarship,University Financial Aid"
uni_263,Women University Mardan,Women University Mardan,Mardan,Khyber Pakhtunkhwa,Public,2016,http://www.wumardan.edu.pk,https://www.hec.gov.pk/english/universities/PublishingImages/Placeholder-Image-Content.png,,93000,True,True,"PO Box 1212, Canal Road Mardan, KP +937 871 416 pstovc@wumardan.edu.pk webmaster@wumardan.edu.pk",Covers up to 100% tuition fees and provides monthly stipend for eligible low-income students at Women University Mardan.,"Computer Science,Software Engineering,Business Administration,Electrical Engineering,Mechanical Engineering,Civil Engineering,Data Science,Artificial Intelligence,Medicine","HEC Need-Based Scholarship,USAID Merit and Needs-Based Scholarship,University Financial Aid"
uni_264,Women University of Azad Jammu & Kashmir,Women University of Azad Jammu & Kashmir,Bagh,Azad Jammu & Kashmir,Public,2014,https://www.wuajk.edu.pk/,https://www.hec.gov.pk/Style%20Library/HEC/images/Placeholder-Image-Content.png,,105000,True,True,"Women University of Azad Jammu & Kashmir, Bagh Campus",Covers up to 100% tuition fees and provides monthly stipend for eligible low-income students at Women University of Azad Jammu & Kashmir.,"Computer Science,Software Engineering,Business Administration,Electrical Engineering,Mechanical Engineering,Civil Engineering,Data Science,Artificial Intelligence,Medicine,Pharmacy","HEC Need-Based Scholarship,USAID Merit and Needs-Based Scholarship,University Financial Aid"
uni_265,"Women University, Swabi","Women University, Swabi",Swabi,Khyber Pakhtunkhwa,Public,2012,http://www.wus.edu.pk/,https://www.hec.gov.pk/english/universities/PublishingImages/Women%20University%20Swabi.jfif,,45000,True,True,"Guloo Dehri, Topi Road, Swabi +92-938-224222, +92-938-221138","Covers up to 100% tuition fees and provides monthly stipend for eligible low-income students at Women University, Swabi.","Computer Science,Software Engineering,Business Administration,Electrical Engineering,Mechanical Engineering","HEC Need-Based Scholarship,USAID Merit and Needs-Based Scholarship,University Financial Aid"
uni_266,Zia-ud-Din University,Zia-ud-Din University,Karachi,Sindh,Private,2005,http://www.zu.edu.pk,https://www.hec.gov.pk/Style%20Library/HEC/images/Placeholder-Image-Content.png,,350000,True,False,"4/B, Shahra-e-Ghalib, Block 6, Clifton, Karachi 75600. +92-21-35305451, +92-21- 35833674",Covers up to 100% tuition fees and provides monthly stipend for eligible low-income students at Zia-ud-Din University.,"Computer Science,Software Engineering,Business Administration,Electrical Engineering,Mechanical Engineering,Civil Engineering","HEC Need-Based Scholarship,University Financial Aid"
